Number,Site,Date,Temp (deg C),Salinity (PSU),C (uM),N (uM),C:N,CDOM (320 nm),Phosphate (uM),Chlor a (ug/L),Bacteria per mL,HNA per ML,LNA per mL,HNA:LNA,HNA:Bact,Tidal Stage,Tidal Height,Rainfall,WK Bacteria (Enterococcus) ,Diatoms (ng/L Chla),Dino 1 (ng/L Chla),Greens (ng/L Chla),Cyanos (ng/L Chla),Raphidos (ng/L Chla),Cryptos (ng/L Chla),Total Chla (ng/L),,% Diatoms,% Dino 1,% Greens,% Cyanos,% Raphidos,% Cryptos
5,AR3,5/4/22,25.5,18,505.36,27.62,18.29773691,0.447,0.332,6.327,,,,,,1/2 flood,3.5,,20,2876.005493,0.051469351,1411.711609,0,0,0.246052663,4288.014679,,67.07,0,32.92,0,0,0.01
10,AR3,5/11/22,22,24,544.82,23.68,23.00417138,0.281,0.149,7.9658,7147494,3711502,3202961,1.16,0.52,1/2 ebb,1.6275,,20,3309.201416,740.8352153,1355.152741,5.934157054,0,130.046828,5541.170398,,77.84,0.12,21.34,0.25,0,0.45
34,AR3,5/18/22,,22,675.36,32.72,20.64053358,0.365,0.232,7.0943,8793584,5354131,3425613,1.56,0.61,3/4 flood,4.3549,,75,3620.838786,0.129374499,998.7248027,0,0,163.9256465,4783.618771,,71.6,0.09,27.82,0.13,0,0.36
17,AR3,5/25/22,27.5,23,749.80,26.89,27.88863937,0.33,0.269,10.6795,,,,,,1/2 ebb,2.279,,20,4750.02124,1.285282761,657.6639099,0.529580424,0,95.39926147,5504.899584,,36.1,0,63.9,0,0,0
42,AR3,6/22/22,28.5,22,511.47,27.62,18.51680814,0.382,0.378,13.5621,6192529,2513216,3667268,0.69,0.41,full ebb,0.4725,,52,5858.058675,559.3461914,495.6840347,12.09513807,0,18.14285564,6943.326455,,89.28,0.03,10.52,0.04,0,0.13
90,AR3,7/6/22,29,10,611.64,41.28,14.81514491,0.487,0.656,7.3589,6638421,2498251,4008848,0.62,0.38,full ebb,0.6405,,63,2137.120015,2.726555188,1429.655188,0.860852922,0,1571.6745,5142.036924,,66.72,9.59,23.24,0.13,0,0.32
73,AR3,7/20/22,28,5,703.25,43.10,16.31786481,0.702,0.829,5.231,3769850,1148398,2329686,0.49,0.3,full ebb,0.105,,259,,,,,,,,,72.43,0.06,27.23,0.04,0,0.24
98,AR3,8/3/22,30.5,11,649.25,40.60,15.99112679,0.478,0.341,8.2438,8291410,2454344,5418395,0.45,0.3,1/4 flood,2.067,,108,3722.126017,0,2194.507116,916.9626261,0,0,6833.59548,,59.72,13.37,24.46,0.11,0,2.35
51,AR3,9/28/22,24,20,542.62,36.61,14.82264616,0.416,0.36,9.916666667,,,,,,3/4 flood,6.2167,,,4524.661133,865.1141968,399.4947226,9.102574269,0,13.84603739,5812.218683,,59.86,0,30.75,0,0,9.4
60,AR3,10/19/22,19,16,657.03,36.23,18.13629544,0.519,0.336,2.05,4452819,1794598,2463798,0.73,0.4,3/4 ebb,1.7745,,96,,,,,,,,,70.23,0,24.17,0,0,5.59
197,AR3,5/3/23,20,20,542.12,34.21,15.84679664,0.33,0.147,7.3,3061511,1087354,1933731,0.56,0.36,full flood,4.601,,41,2488.434326,0,1671.083049,0,0,459.6408793,4619.157976,,60.19,0.01,39.76,0,0,0.04
187,AR3,5/10/23,22.5,16,599.40,41.54,14.42998126,0.374,0.145,9.67,4871128,1973111,2732951,0.72,0.41,1/4 flood,1.638,,414,3418.512573,0,1602.473267,0,0,17.15088193,5038.136734,,64.06,0,24.54,0,0,11.4
125,AR3,5/17/23,25,19,514.51,33.56,15.3325905,0.359,0.135,8.97,14970924,5786156,8455642,0.68,0.39,full flood,4.783,,10,3468.155436,0,1224.455851,0,0,0,4692.611276,,22.83,0.04,37.14,0,30.34,9.65
70,AR3,5/24/23,22.5,21,593.01,42.28,14.02628647,0.264,0.134,7.33,4878746,2174866,2642131,0.82,0.45,1/4 flood,2.205,,20,2704.221558,0,1250.074473,0,0,224.210261,4178.506413,,48.79,0,36.65,5.68,0,8.88
175,AR3,6/21/23,26.5,17,272.12,19.95,13.6392149,0.398,0.37,4.785,17011828,7479771,9512000,0.79,0.44,1/2 flood,3.36,,41,,,,,,,,,42.89,0,31.92,0,13.64,11.54
148,AR3,7/5/23,29.5,9,720.33,39.61,18.18712358,0.531,0.472,9.38,16670215,7710425,9052488,0.85,0.46,3/4 flood,4.569,,121,5387.684163,233.960144,1694.929451,4.249722898,0,17.56585789,7338.389269,,75.69,0,20.88,0,0,3.43
170,AR3,7/19/23,30,14,616.29,38.22,16.12691173,0.532,0.303,11.35,7014408,3318000,3720058,0.89,0.47,3/4 flood,4.451,,52,3938.416016,1.277237087,697.0989787,0.347139373,0,5.131151835,4642.270514,,77.62,0.02,22.28,0,0,0.08
135,AR3,8/2/23,29,16,449.82,31.20,14.41764174,0.42,,14.85,6321825,2921764,3448553,0.85,0.46,full flood,5.725,,272,6016.73641,1258.32314,754.8859475,6.310012778,0,13.30127796,8049.556816,,84.87,0.07,8.96,0.18,0,5.92
114,AR3,9/27/23,24.5,20,336.51,31.97,10.5269253,,,3.34,,,,,,full flood,5.222,,63,2555.017049,1.47609822,35.8522152,4.512230277,0.546280295,5.829518994,2603.233384,,76.05,0,17.38,0,0,6.57
128,AR3,10/4/23,23,16,648.33,45.12,14.36988234,0.573,0.321,3.5,2069160,881126,1223959,0.72,0.43,1/4 flood,2.798,,246,,,,,,,,,59.46,0,33.65,0,0,6.88
157,AR3,10/18/23,18.5,27,537.38,32.28,16.64821198,0.436,0.283,3.18,2173996,789163,1388407,0.57,0.36,3/4 flood,5.307,,135,,,,,,,,,80.17,0,15.58,0,0,4.25
9,CC1,5/11/22,22,33,316.64,14.28,22.16584477,0.082,0,4.6968,5455108,3451015,1874442,1.84,0.63,3/4 ebb,0.475,,132,1420.510152,0,729.681783,0,0,223.0292587,2373.221301,,66.22,0.02,21.86,0,0,11.9
27,CC1,5/18/22,26,30,677.44,26.56,25.51001008,0.074,0,3.8088,2825801,1759387,1022693,1.72,0.62,3/4 flood,4.8597,,10,2494.760295,0.611129473,716.2606099,0,0,2.489039818,3214.121027,,96.51,0.07,1.6,0.2,0.02,1.6
20,CC1,5/25/22,26,27,364.27,20.83,17.4851488,0.114,0.066,6.7055,4599315,2119229,2451071,0.86,0.46,3/4 ebb,0.855,,10,2249.894775,0,743.6161601,0,0,261.9885864,3255.499632,,79.63,0.04,14.62,0.06,0,5.65
39,CC1,6/22/22,28.5,29,361.33,22.63,15.96933099,0.499,0.07,17.6621,5811567,1875160,3927397,0.48,0.32,full ebb,-0.0095,,10,8043.001058,0,2216.962524,0,0,0,10259.96381,,79.16,0.15,19.69,0.39,0,0.6
41,CC1,7/6/22,30,24,376.29,22.43,16.77584721,0.13,0.072,14.7474,7104413,4959168,2174533,2.28,0.7,1/4 flood,1.6245,,30,4626.470133,0,2669.878207,567.7818095,0,489.6259867,8353.756269,,86.29,0.02,11.95,0.01,0,1.73
68,CC1,7/20/22,29.5,23,271.14,23.53,11.52345848,0.125,0.1,5.9805,4119824,1456296,2643579,0.55,0.35,1/4 flood,0.5605,,52,858.2621867,0,2168.035715,532.0992483,658.8917643,348.9956512,4566.284735,,69.11,0,22.84,0,0,8.05
97,CC1,8/3/22,31,22,372.46,32.88,11.32946373,0.129,0.013,5.8798,8563462,3216279,5202091,0.62,0.38,1/2 flood,3.3792,,10,2043.282389,2.207308332,655.8841641,833.3361104,0,8.699157079,3543.409151,,83.13,0,16.87,0,0,0
47,CC1,9/28/22,24.5,30,274.81,29.83,9.21372669,0.078,0.042,5.823333333,1124327,456232,637866,0.72,0.41,full flood,6.0722,,,2156.383382,0,641.7037659,0,0,0,2798.087186,,47.6,0.06,23.59,0,12.87,15.88
55,CC1,10/5/22,19.5,26,371.00,27.06,13.70841487,0.104,0.068,3.93,2304055,1009160,1275083,0.79,0.44,1/2 ebb,1.026,,86,1298.860514,0,679.4723918,90.37730281,0,192.1843211,2260.894482,,61.78,0,31.65,0,0,6.57
61,CC1,10/19/22,17,28,329.37,19.24,17.12007603,0.137,0.027,4.996666667,3429176,1811029,1590746,1.14,0.53,1/4 flood,1.881,,30,,,,,,,,,59.95,0,33.61,0,0,6.44
105,CC1,10/26/22,20,33,765.25,17.18,44.53001388,0.066,0.026,4.013333333,2014234,735513,1246953,0.59,0.37,full flood,6.3341,,20,,,,,,,,,40.26,0.04,52.53,0,0,7.17
100,CC1,5/3/23,19,29,357.11,26.11,13.67740115,0.098,0.002,5.45,1229033,401515,814716,0.49,0.33,flood,3.957,,10,3889.505859,0,706.2089132,0,0,462.3935852,5058.10837,,60.54,23.99,15.11,0.12,0,0.25
182,CC1,5/10/23,24,27,282.94,24.23,11.6749299,0.092,-0.021,9.17,4028989,1902905,2024732,0.94,0.47,1/2 ebb,2.093,,31,4021.227783,0,1315.144999,0,0,461.5397898,5797.912753,,52.55,0,35.46,0,0,11.99
122,CC1,5/17/23,26,25,230.61,27.98,8.242383877,0.142,-0.036,5.18,3225142,1082621,2044379,0.53,0.34,full flood,4.336,,10,2008.172404,0,1139.776815,0,0,0,3147.949174,,84.37,8.06,7.14,0.17,0,0.26
191,CC1,5/24/23,23.5,25,310.24,36.65,8.464223212,0.226,0.005,5.03,3443385,1831100,1646845,1.11,0.53,1/2 flood,2.89,,10,1736.269979,0.586500819,1080.357992,506.7634176,0,174.1873957,3498.165304,,78.39,0,21.61,0,0,0
161,CC1,6/21/23,26,25,288.30,38.81,7.428103808,0.1,0.007,4.66,,,,,,3/4 flood,3.734,,10,2185.491618,3.787315845,1046.880277,222.4277369,683.7870178,540.1537781,4682.527667,,79.39,0,20.61,0,0,0
146,CC1,7/5/23,28,23,234.73,24.08,9.749618499,0.098,-0.009,5.45,10400049,4814649,5600113,0.86,0.46,1/2 flood,4.753,,10,3860.173828,0,824.4369754,382.841807,542.5426127,401.8097382,6011.804908,,75.79,0,13.25,0,0,10.96
168,CC1,7/19/23,30,25,252.86,18.85,13.41670707,0.134,-0.019,7.05,1135709,609573,527888,1.15,0.54,3/4 flood,4.375,,10,6627.971598,7.554082155,1420.371982,16.15893205,0,29.51666355,8101.573054,,43.63,4.63,50.68,0,0,1.06
137,CC1,8/2/23,28,29,231.95,19.91,11.65045039,0.11,,4.72,6272476,3001369,3326053,0.9,0.48,ebb,5.228,,10,3062.491699,159.7367757,3.36801628,0.316271335,0.907777948,0.593421241,3227.414095,,97.86,0,2.11,0,0,0.01
116,CC1,9/27/23,23.5,30,183.53,23.10,7.945552653,,,6.21,3294631,1854867,1439114,1.29,0.56,3/4 ebb,1.311,,298,1480.690918,2.882061839,69.78599413,9.02385664,0.792385851,11.21098534,1574.38629,,45.6,0.02,38.39,0,0,15.99
134,CC1,10/4/23,23,25,348.46,27.25,12.7854545,0.269,0.018,3.93,1069399,472234,608112,0.78,0.44,3/4 flood,5.442,,10,,,,,,,,,79.82,3.97,16.21,0,0,0
153,CC1,10/18/23,19.5,31,176.63,14.35,12.31084484,0.026,0.096,2.84,1955592,908371,1075748,0.84,0.46,full ebb,5.975,,10,,,,,,,,,74.31,0,22.18,0,0,3.51
12,CH1,5/4/22,25,25,465.80,20.71,22.49497234,0.112,0.036,3.8045,3937633,1898424,1898008,1,0.48,1/2 flood,3.67,,10,1540.371501,2.295120716,422.2439503,4.991412322,0,8.944125334,1978.846079,,87.19,1.29,5.08,0.08,0,6.36
14,CH1,5/11/22,21,29,454.50,16.80,27.05431081,0.112,0.02,6.2233,1504900,825191,616748,1.34,0.55,3/4 ebb,0.52,,110,2424.148885,0.0502897,834.2432658,0,0,193.0586065,3451.500974,,41.56,0.05,27.8,0.02,0,30.57
30,CH1,5/18/22,25.5,27,372.04,20.64,18.02345242,0.28,0,6.2153,2501972,1565325,911494,1.72,0.63,3/4 flood,4.753,,10,3425.665243,2.947780331,361.4640747,7.466788689,0,238.8513412,4036.395292,,55.38,0,31.96,6.8,0,5.86
25,CH1,5/25/22,25,24,434.72,22.93,18.95948906,0.135,0.09,8.5075,2048531,1164024,892752,1.3,0.57,3/4 ebb,1.19,,86,4569.600749,0,927.0500997,0,0,0,5496.650679,,58.5,0,27.21,14.29,0,0
38,CH1,6/22/22,29,26,393.60,18.79,20.94555133,0.127,0.059,11.3386,4640611,1678866,2966215,0.57,0.36,3/4 ebb,0.1,,10,3918.402669,0,1017.417206,0,0,0,4935.819663,,49.61,0,34.02,11.14,0,5.24
89,CH1,7/6/22,30,21,339.24,26.18,12.95903323,0.152,0.078,5.6709,4153415,2015809,2048959,0.98,0.49,1/4 flood,1.19,,10,2914.743856,0,1355.486328,712.1549886,0,0,4982.3851,,65.53,0.91,16.59,9.5,0,7.46
75,CH1,7/20/22,30,19,467.40,38.71,12.07366115,0.326,0.4,4.408,2237205,1443568,788440,1.83,0.65,1/4 flood,0.39,,144,1249.341634,0.189894893,392.287969,171.2378642,0,322.154068,2135.211332,,99.95,0,0.01,0,0.04,0
95,CH1,8/3/22,31,19,395.33,25.26,15.64846291,0.16,0.028,4.3263,8039960,2697326,5189940,0.52,0.34,1/2 flood,3.1717,,20,1474.654012,0.161417892,416.3926493,848.8350118,0,0.700861583,2740.743791,,64.07,0,24.42,4.15,0,7.36
50,CH1,9/28/22,,27,303.82,36.43,8.339322219,0.147,0.08,5.723333333,2337818,933284,1349901,0.69,0.4,full flood,5.9849,,,2516.109863,0.06780233,440.8527985,0,0,115.6553472,3072.685702,,48.07,0,30.57,3.84,9.48,8.04
58,CH1,10/5/22,19,25,606.34,21.50,28.20036228,0.129,0.085,3.97,5074166,2056109,2958176,0.7,0.41,1/2 ebb,1.29,,171,1544.316345,1.699755053,236.6059241,0,236.3701528,6.615308841,2025.60746,,32.33,0.3,39.39,15.37,0,12.61
64,CH1,10/19/22,17.5,25,390.14,25.33,15.40019279,0.21,0.093,4.106666667,2710858,1894031,774454,2.45,0.7,full ebb,1.82,,333,,,,,,,,,,,,,,
80,CH1,10/26/22,20.5,31,462.00,22.23,20.78372831,0.096,0.047,7.02,1419963,815989,579120,1.41,0.57,full flood,6.3826,,10,,,,,,,,,18.8,0,47.48,11.65,14.43,7.64
87,CH1,5/3/23,19.5,27,312.37,24.89,12.54903775,0.146,0.009,9.14,3851459,1235258,2497514,0.49,0.32,1/2 ebb,2.039,,62,1568.39266,0,1418.78066,0,0,283.6684875,3270.841901,,58.51,0.01,18.37,8.02,0,15.09
178,CH1,5/10/23,22,23,259.25,22.82,11.36034646,0.116,0.069,8.66,3215057,1602061,1498173,1.07,0.5,3/4 flood,3.938,,30,,,,,,,,,19.29,7.68,50.1,19.22,0,3.71
123,CH1,5/17/23,26.5,26,286.24,31.48,9.091644806,0.163,0.023,12.59,8646038,4521173,3562701,1.27,0.52,1/2 ebb,1.11,,20,,,,,,,,,39.2,0,48.03,9.64,0,3.13
190,CH1,5/24/23,25,24,343.41,31.14,11.0269803,0.199,0.008,4.93,20203920,11880767,8364252,1.42,0.59,1/2 flood,2.748,,10,,,,,,,,,,,,,,
169,CH1,6/21/23,26,24,209.49,16.81,12.46432727,0.181,0.07,9.261,3793184,2100032,1694630,1.24,0.55,3/4 flood,3.684,,10,,,,,,,,,65.24,0,27.11,0,0,7.65
149,CH1,7/5/23,29,27,278.72,27.92,9.981080387,0.127,-0.033,7.87,16719992,8150371,8558082,0.95,0.49,1/2 flood,4.646,,20,,,,,,,,,,,,,,
174,CH1,7/19/23,29.5,24,365.45,28.76,12.70847737,,0.037,7.29,5710554,3072598,2659753,1.16,0.54,3/4 flood,4.249,,10,,,,,,,,,,,,,,
145,CH1,8/2/23,28,24,266.05,25.03,10.63022299,0.22,,6.23,8086610,2705063,5446758,0.5,0.33,ebb,5.248,,20,,,,,,,,,54.47,0,32.11,13.42,0,0
109,CH1,9/27/23,24,25,259.04,26.38,9.819847033,,,3.43,2010423,1039519,982813,1.06,0.52,1/2 ebb,2.039,,243,3311.15507,2.117991507,51.42196113,6.496000608,0.756106446,8.347373247,3380.29449,,57.66,0.06,18.51,23.52,0,0.25
117,CH1,9/27/23,,,243.90,25.41,9.599288103,,,,,,,,,,,,,,,,,,,,,53.8,0.01,15.19,30.97,0,0.03
131,CH1,10/4/23,23.5,21,297.67,22.19,13.41306714,0.109,0.044,3.03,,,,,,3/4 flood,5.034,,10,,,,,,,,,40.58,0.18,46.87,0,0,12.37
158,CH1,10/18/23,19.5,26,401.51,29.47,13.62580068,0.067,0.101,2.78,662576,265353,398835,0.67,0.4,3/4 ebb,5.966,,10,,,,,,,,,66.7,0,20.73,12.57,0,0
3,CH2,5/4/22,25,24,557.44,20.53,27.15485448,0.11,0.023,4.482,3569991,2066613,1346441,1.53,0.58,3/4 flood,4.31,,10,1975.528809,2.518675645,767.6864114,3.589308957,0,9.829444885,2759.152688,,82.36,0.14,7.76,9.18,0,0.56
28,CH2,5/18/22,25,25,310.48,19.69,15.77091122,0.104,0,2.5463,3708894,1925475,1773063,1.09,0.52,3/4 flood,5.12,,10,1187.417297,0,271.2898407,0,0,102.6568705,1561.364046,,74.19,1.1,18.01,5.97,0,0.73
18,CH2,5/25/22,27,24,413.62,18.23,22.69004332,0.104,0.029,4.808,6628080,3056363,3274107,0.93,0.46,3/4 ebb,0.41,,10,1278.039734,1.598417521,633.2320178,0,345.5029043,426.4850667,2684.858201,,54.9,0,29.96,15.13,0,0
37,CH2,6/22/22,29,25,330.90,27.24,12.14910535,0.11,0.037,5.1801,2565749,941760,1637130,0.58,0.37,full ebb,-0.09,,10,2096.83256,0,366.4261271,0,0,303.2018051,2766.460549,,58.56,0.01,10.74,17.07,0,13.62
85,CH2,7/6/22,30,17,259.85,26.74,9.717747819,0.138,0.058,5.4444,5299904,2659073,2595367,1.02,0.5,1/2 flood,2.29,,10,2185.238607,0,1498.440956,490.7437541,0,230.792956,4405.216349,,77.85,14.88,6.87,0.16,0,0.24
71,CH2,7/20/22,30,15,293.95,23.51,12.50336339,0.161,0.11,2.6005,5614817,2211616,3309203,0.67,0.39,1/4 flood,1.42,,41,418.8190816,166.7202886,1088.028748,417.4555511,0,80.55346044,2171.577131,,77.07,0,22.93,0,0,0
99,CH2,8/3/22,31,21,364.32,20.37,17.88845606,0.145,0.02,4.3188,,,,,,1/2 flood,3.81,,226,1442.596415,6.520458062,1666.058645,0,0,439.7763214,3554.951934,,81.89,0,14.35,0,0,3.76
107,CH2,10/26/22,20.5,26,670.58,19.71,34.02212531,0.108,0.064,3.226666667,1520616,509407,972053,0.52,0.34,full flood,6.45,,10,,,,,,,,,65.49,0,34.51,0,0,0
194,CH2,5/3/23,19,26,316.73,25.85,12.25476853,0.125,0.007,4,1969769,646686,1260893,0.51,0.33,flood,3.83,,20,594.6159007,0,1657.273078,0,802.0703023,813.289561,3867.248826,,87.37,0,12.63,0,0,0
183,CH2,5/10/23,22,25,246.88,19.80,12.47009914,0.103,-0.019,6.52,,,,,,3/4 flood,4.23,,20,,,,,,,,,72.77,0,12.46,6.5,0,8.28
121,CH2,5/17/23,26,22,368.34,24.71,14.90523044,0.162,-0.016,6.11,1381665,845567,547325,1.54,0.61,full flood,3.92,,10,,,,,,,,,78.05,0,21.95,0,0,0
188,CH2,5/24/23,23.5,21,341.97,27.91,12.25236325,0.115,-0.005,3.96,3287542,1886239,1429132,1.32,0.57,1/2 flood,3.41,,10,,,,,,,,,79.64,2.45,9.32,0.26,0,8.33
154,CH2,6/21/23,26,20,236.27,26.59,8.886018953,0.137,0.005,6.486,7756119,3895125,3901097,1,0.5,full flood,4.12,,31,,,,,,,,,57.45,0,30.05,4,0,8.5
138,CH2,7/5/23,28.5,24,308.38,21.05,14.65350048,0.142,-0.003,5.31,7510886,3793399,3761367,1.01,0.51,3/4 flood,5.02,,10,,,,,,,,,76.24,0.08,11.68,0,11.67,0.33
164,CH2,7/19/23,29.5,23,334.14,20.85,16.02429117,0.131,-0.002,9.68,2718728,1460081,1284166,1.14,0.54,3/4 flood,4.53,,40,,,,,,,,,86.47,0,0.02,0,0.11,13.4
141,CH2,8/2/23,28,22,225.35,19.70,11.4417268,,,5.01,6481220,2216703,4298559,0.52,0.34,ebb,5.23,,10,,,,,,,,,61.93,0,29.98,0,0,8.09
162,CH2,10/18/23,19.5,25,279.02,29.44,9.478284939,0.12,0.033,1.65,1518752,626322,903384,0.69,0.41,1/4 ebb,4.96,,10,,,,,,,,,14.7,0.04,85.1,0,0,0.16
1,CH3,5/4/22,25.5,26,539.68,21.07,25.61663005,0.12,0.022,4.0195,,,,,,full flood,4.48,,10,896.3614095,0,1586.559204,0,0,0,2482.920746,,99.27,0.02,0.54,0.06,0.01,0.09
11,CH3,5/11/22,23.5,32,248.21,17.06,14.55334841,0.061,0.005,7.0393,,,,,,3/4 ebb,1.12,,20,1906.992757,0.270289662,1259.784953,0,0,1.150030623,3168.197918,,,,,,,
32,CH3,5/18/22,26,30,279.19,16.80,16.61441162,0.086,0,4.2818,2025507,1106541,898375,1.23,0.55,1/4 ebb,4.75,,10,1457.015625,0,824.5666809,0,0,168.6994146,2450.281737,,,,,,,
19,CH3,5/25/22,27,25,420.59,25.91,16.23157661,0.138,0.078,7.187,,,,,,full ebb,-0.07,,20,2115.841777,0,1084.08374,0,0,224.9670232,3424.892662,,,,,,,
43,CH3,6/22/22,29.5,25,295.57,18.81,15.70958265,0.103,0.047,4.5646,3088089,1563592,1466829,1.07,0.51,1/4 flood,0.56,,20,755.3613485,80.09356562,877.5345154,0,0,18.37656403,1731.365922,,,,,,,
46,CH3,9/28/22,24,26,309.72,33.54,9.234905929,0.138,0.062,3.753333333,2921455,1148497,1704760,0.67,0.39,3/4 flood,5.97,,,709.1280823,0,373.7403361,0,0,0,1082.868372,,,,,,,
56,CH3,10/5/22,20.5,23,441.95,33.19,13.31672027,0.209,0.131,3.646666667,5341828,3313926,1974845,1.68,0.62,full ebb,0.8,,10,1292.544556,0,0.240453025,0,1.711349577,200.3123449,1494.808701,,,,,,,
4,FB1,5/4/22,25.5,36,242.46,13.15,18.43233982,0.053,0.022,4.41,4721314,2710971,1952275,1.39,0.57,3/4 flood,4.13,,10,2308.69751,0.857516179,271.9167199,1.072817415,0,3.426802158,2585.971374,,,,,,,
16,FB1,5/11/22,21.5,36,430.78,17.26,24.95142645,0.082,0.031,5.3853,,,,,,3/4 ebb,0.627,,10,2670.946859,0,1023.043699,0,0,475.4117126,4169.402317,,,,,,,
31,FB1,5/18/22,24,35,226.56,12.53,18.08514469,0.038,0,4.2693,2953990,1926457,1014806,1.9,0.65,Full flood,5.1409,,10,2968.61145,0,576.8279012,0,0,157.502416,3702.941624,,,,,,,
22,FB1,5/25/22,27,35,322.39,16.71,19.29664542,0.089,0.062,8.9225,2480767,1583538,995262,1.79,0.64,3/4 ebb,0.03895,,10,2265.615967,0,1270.232157,0,0,243.5379537,3779.386052,,,,,,,
44,FB1,6/22/22,28.5,35,233.69,15.68,14.90486962,0.076,0.055,13.7316,6890472,2879285,4017791,0.72,0.42,full ebb,-0.057,,10,7452.248128,0.25440832,160.9057897,0.326052765,0,1.133367936,7614.867749,,,,,,,
84,FB1,7/6/22,30,31,279.19,18.88,14.78572194,0.119,0.042,7.1469,5012780,2408971,2583404,0.93,0.48,1/4 flood,1.6758,,31,3948.192912,55.03162384,999.7756856,572.1304423,0,449.7068227,6024.837236,,,,,,,
74,FB1,7/20/22,,30,252.11,22.03,11.44530755,0.096,0.065,7.5345,5610550,2024194,3559082,0.57,0.36,1/4 flood,0.798,,75,1061.915151,0,1301.261698,261.0964025,0,84.85734431,2709.130541,,,,,,,
96,FB1,8/3/22,30,30,382.97,21.44,17.85994015,0.108,0.015,7.6023,,,,,,1/2 flood,3.1556,,10,3068.813395,0,953.5463155,578.471756,0,0,4600.831581,,,,,,,
52,FB1,9/28/22,24.5,36,195.82,13.35,14.66944172,0.029,0,6.266666667,3436258,1921687,1410328,1.36,0.56,full flood,6.3226,,,4016.215576,0,580.6086222,0,0,0,4596.82416,,,,,,,
59,FB1,10/5/22,19,30,341.58,18.57,18.39500916,0.069,0.058,6.92,1710078,626535,1082803,0.58,0.37,3/4 ebb,0.741,,52,1465.3797,0,709.4086711,0,0,191.4186096,2366.207034,,53.87,0,36.18,0,0,9.95
62,FB1,10/19/22,19.5,36,274.20,19.43,14.11514239,0.086,0.058,4.963333333,5089189,2058132,2969362,0.69,0.4,full ebb,1.4535,,10,,,,,,,,,76.9,0,13.96,0,0,9.14
79,FB1,10/26/22,21,35,544.86,17.71,30.76567031,0.053,0.009,5.743333333,1668494,835640,798203,1.05,0.5,full flood,6.5145,,20,,,,,,,,,47.95,0,43.38,0,0,8.67
181,FB1,5/3/23,19.5,36,198.16,20.57,9.635741933,0.13,0.029,5.98,2789846,1116339,1551028,0.72,0.4,1/4 ebb,2.911,,10,2286.393229,0,1096.353394,0,0,236.7062581,3619.452976,,15.38,0,42.85,0,20.74,21.03
195,FB1,5/10/23,22.5,31,201.04,17.04,11.80021017,0.077,-0.021,6.21,936882,461117,457695,1.01,0.49,3/4 flood,3.048,,10,3594.312785,1.065316925,1757.804159,0,0,4.306810975,5357.489188,,63.17,0,30.29,0,0,6.54
127,FB1,5/17/23,24.5,31,311.78,16.36,19.05283575,0.123,-0.022,7.81,2250000,1263611,999524,1.26,0.56,1/2 ebb,2.862,,10,1772.930481,0,788.2047729,0,0,0,2561.13526,,93.75,0.19,4.66,0.6,0.05,0.75
186,FB1,5/24/23,22.5,30,375.96,18.34,20.49833469,0.097,-0.004,6.5,6333669,2735624,3693276,0.74,0.43,1/2 flood,3.156,,10,1921.492839,0,1041.427887,544.1598358,0,603.8671265,4110.947962,,46.14,0,47.68,0,0,6.18
165,FB1,6/21/23,26,31,219.28,22.97,9.548258585,0.061,-0.015,4.218,9357711,4542998,4826997,0.94,0.49,3/4 flood,4.06,,10,274.0239105,0.499503163,232.5825755,214.0076345,539.0293121,1.905504813,1262.048416,,49.5,0,46.89,0,0,3.61
144,FB1,7/5/23,28.5,34,205.58,14.48,14.19630594,0.045,-0.021,4.54,8060376,3361588,4781156,0.7,0.42,full flood,5.012,,10,3273.167114,1.426823626,96.88049316,190.477239,0,5.751529415,3567.703179,,67.85,0,31.81,0,0,0.34
166,FB1,7/19/23,30,34,184.46,17.28,10.67722434,0.08,-0.002,5.73,6068093,2229298,3926908,0.57,0.37,full flood,4.585,,10,,,,,,,,,69.36,0,22.68,0,0,7.96
139,FB1,8/2/23,29,33,168.08,18.37,9.148538222,0.109,,4.1,6211298,1484433,4797681,0.31,0.24,1/4 ebb,5.282,,41,2675.855591,0.123969679,203.3451843,0.00711918,0,0.550472617,2879.882406,,,,,,,
111,FB1,9/27/23,24,35,187.96,15.36,12.23586227,,,4.31,2850360,1304649,1575565,0.83,0.46,1/2 ebb,3.116,,475,2621.172078,0.029137865,0.762386526,0.069782764,0.945490147,0.135194421,2623.113963,,,,,,,
118,FB1,9/27/23,24,35,140.37,13.26,10.58845852,,,,,,,,,,,,,,,,,,,,,67.09,0.02,32.81,0,0,0.08
133,FB1,10/4/23,23,,218.25,19.31,11.30085353,0.281,0.013,5.58,3148971,1204667,1952111,0.62,0.38,1/2 flood,4.08,,20,,,,,,,,,60,0,12.84,12.34,0,14.82
176,FB1,10/18/23,19,36,83.19,6.34,13.11981968,-0.023,0.037,2.91,2745821,932879,1845019,0.51,0.34,3/4 flood,6.01,,10,,,,,,,,,,,,,,
15,FC1,5/11/22,22.5,22,612.54,29.01,21.11811678,0.516,0.101,3.9693,,,,,,1/2 ebb,1.8,,155,695.0920207,1.345654845,1130.722777,0,923.8572286,293.7132746,3044.730931,,,,,,,
26,FC1,5/18/22,25,14,383.55,31.71,12.09622327,0.279,0.048,3.8753,2446447,1718411,704040,2.44,0.7,3/4 flood,3.8934,,668,2209.185588,0.7367344,729.4017639,0,0,396.9161326,3336.240249,,,,,,,
24,FC1,5/25/22,26.5,10,368.31,38.03,9.685882259,0.335,0.228,4.3845,2120648,1614487,496586,3.25,0.76,1/2 ebb,2.5172,,505,1594.00824,1.668457687,2079.881714,0,0,283.9296519,3959.488117,,73.91,0,26.09,0,0,0
40,FC1,6/22/22,27.5,10,509.95,45.49,11.20917069,0.33,0.201,5.3411,4102146,2964300,1154535,2.57,0.72,3/4 ebb,0.68,,4245,1564.463236,0.650148377,1317.216044,0,0,548.5691681,3430.89874,,63.79,0,36.21,0,0,0
86,FC1,7/6/22,27,1,794.15,59.32,13.38755997,0.961,0.609,1.8084,5546690,2427300,3117088,0.78,0.44,full ebb,0.48,,1565,495.4851278,0.001558848,0.041726088,0.002625719,0.192366678,0.007433474,495.7308341,,,,,,,
69,FC1,7/20/22,26.5,0,675.76,53.36,12.66502112,0.641,0.375,3.57,3757275,2139667,1356421,1.58,0.57,full ebb,0,,9208,,,,,,,,,,,,,,
92,FC1,8/3/22,29.5,7,659.45,60.48,10.90302862,0.463,0.022,3.7878,,,,,,full ebb,1.67475,,6131,2812.74764,4.880958954,265.0171448,313.3692118,0,19.03545872,3415.050512,,69.22,0,30.78,0,0,0
49,FC1,9/28/22,24,12,418.03,44.79,9.332646201,0.272,0.103,4.206666667,3444307,1519859,1600518,0.95,0.44,3/4 flood,5.7886,,,2339.066406,0,400.4563751,208.8805211,0,266.0532837,3214.456582,,58.93,0.05,40.85,0,0,0.18
57,FC1,10/5/22,18,7,522.98,31.29,16.71509748,0.39,0.116,1.653333333,3323687,2478164,641878,3.86,0.75,3/4 ebb,2.36495,,1829,86.32120196,0.241130009,499.5913696,0,0,0.939373265,587.093078,,,,,,,
63,FC1,10/19/22,17.5,11,551.48,45.17,12.20834481,0.321,0.133,2.99,2487665,1821091,562592,3.24,0.73,3/4 ebb,1.8,,24196,,,,,,,,,,,,,,
103,FC1,10/26/22,20,17,636.69,29.47,21.60699217,0.16,0.249,1.983333333,2499665,1592594,823108,1.93,0.64,3/4 flood,6.6229,,257,,,,,,,,,60.26,0,39.74,0,0,0
196,FC1,5/3/23,19,11,465.89,46.11,10.10363084,0.31,0.041,1.68,1028136,542107,453923,1.19,0.53,full flood,4.81,,253,1122.267212,2.302861849,55.75693388,7.214084387,0.6283794,8.954875708,1197.124387,,64.72,0,29.92,0,0,5.37
189,FC1,5/10/23,23,6,548.61,47.13,11.63943959,0.335,0.071,7.58,3133203,1397682,1604993,0.87,0.45,1/4 flood,1.27,,2987,1877.245687,0,401.6234614,385.9887644,0,463.7465312,3128.604375,,49.63,0.02,30.88,14.49,0,4.98
126,FC1,5/17/23,24,11,360.51,35.35,10.1993313,0.262,0.031,3.55,1225416,772564,465699,1.66,0.63,1/4 ebb,4.851,,573,1531.474243,1.181638141,1061.667562,0,0,4.646484613,2598.969976,,,,,,,
65,FC1,5/24/23,21,10,589.65,46.22,12.75620936,0.289,0.07,11.68,6921203,5258956,1764717,2.98,0.76,1/4 flood,1.85,,393,3118.88383,0,3868.327657,0,1339.839294,654.0511169,8981.101725,,,,,,,
163,FC1,6/21/23,25.5,6,181.27,16.24,11.16417844,0.355,0.06,8.53,1640639,995210,653583,1.52,0.61,1/2 flood,2.994,,717,1771.724223,2.397134781,1055.160412,212.1389771,319.6801402,1191.338135,4552.438892,,46.74,0,25.33,13.24,0,14.69
152,FC1,7/5/23,27.5,0,887.94,60.40,14.70136117,0.945,0.147,11.31,12654056,8788678,4231694,2.08,0.69,3/4 flood,4.151,,8164,,,,,,,,,34.73,0,43.07,0,14.92,7.28
167,FC1,7/19/23,29,5,646.16,60.17,10.73879374,0.404,0.157,11.8,,,,,,3/4 flood,4.13,,377,690.4014842,2.587520098,4238.867687,549.9573568,2401.395996,9.560240974,7892.770081,,38.54,10.37,46.85,0,0,4.24
136,FC1,8/2/23,28.5,13,217.94,14.01,15.55331632,0.225,,5.41,3511407,1541265,1933568,0.8,0.44,full flood,5.418,,24196,2179.770833,0.057719578,889.4348653,621.9769084,0,0.270244618,3691.510576,,,,,,,
110,FC1,9/27/23,23.5,15,292.93,33.73,8.685304367,,,1.26,1753633,1054250,694380,1.52,0.6,1/4 ebb,5.305,,884,,,,,,,,,55.67,0,24.51,0,0,19.82
113,FC1,9/27/23,,,212.79,25.26,8.422883053,,,,,,,,,,,,,,,,,,,,,,,,,,
132,FC1,10/4/23,22,10,485.57,43.61,11.13385317,0.383,0.065,4.37,602680,217040,374467,0.58,0.36,full ebb,2.335,,315,,,,,,,,,46.67,0.08,22.36,4.75,14.6,11.54
177,FC1,10/18/23,18,5,210.01,16.61,12.64455489,0.29,0.06,1.02,574953,231803,345960,0.67,0.4,1/2 flood,4.81,,1515,,,,,,,,,,,,,,
7,JIC1,5/4/22,25.5,27,504.45,27.44,18.38588265,0.194,0.061,11.2975,5980882,3041432,2683275,1.13,0.51,1/2 flood,3.6,,63,5188.214274,745.7088216,1807.143244,10.12971266,0,25.12672361,7776.322678,,,,,,,
29,JIC1,5/18/22,26,26,339.55,24.90,13.63419712,0.163,0.013,7.4248,1114394,691630,417926,1.65,0.62,3/4 flood,4.6512,,51,3892.368449,2.652139246,64.366102,8.155015548,0.921185493,64.71751467,4033.180532,,21.71,0.04,18.43,16.96,42.71,0.15
21,JIC1,5/25/22,28,25,528.27,25.56,20.67012142,0.219,0.146,14.249,,,,,,3/4 ebb,1.575,,110,5218.566976,2067.461711,1302.145,10.07216716,0,21.44639905,8619.692692,,38.92,0.05,23.18,4.66,7.02,26.17
83,JIC1,6/22/22,29,26,469.64,29.42,15.96489702,0.277,0.125,19.2156,11352082,5009684,6230711,0.8,0.44,3/4 ebb,0.273,,109,5808.158936,288.8204091,1179.144735,0,0,0,7276.123862,,,,,,,
45,JIC1,7/6/22,31,18,473.00,30.12,15.70456399,0.288,0.2,14.8109,13906041,8793422,4863664,1.81,0.63,1/4 flood,1.008,,41,6290.611898,0,2397.810977,407.0600332,0,722.7565104,9818.239244,,22.86,0,37.26,5.5,25.49,8.88
72,JIC1,7/20/22,30,20,512.29,37.63,13.61357108,0.294,0.271,15.869,11226081,3858607,7298701,0.53,0.34,full ebb,0.231,,41,5375.232747,0,2233.664673,0,0,629.903127,8238.80106,,73.42,3.19,23.1,0.06,0,0.24
93,JIC1,8/3/22,31,20,596.00,35.06,16.99825772,0.322,0.119,27.2013,8900076,2859974,5914385,0.48,0.32,1/2 flood,3.01185,,73,8850.89974,130.7341639,2148.212299,712.6818441,0,87.49679502,11930.02564,,64.21,0,13.71,6.37,9.02,6.68
104,JIC1,10/26/22,20,31,480.73,31.65,15.18695851,0.118,0.118,6.343333333,1536431,597577,878512,0.68,0.39,full flood,6.7218,,30,,,,,,,,,,,,,,
180,JIC1,5/10/23,23,24,327.13,23.45,13.95138699,0.151,0.076,14.92,2543323,1186163,1280112,0.93,0.47,3/4 flood,4.141,,98,,,,,,,,,,,,,,
120,JIC1,5/17/23,27,22,437.46,37.39,11.69948467,0.315,0.037,18.65,3647991,1760262,1916852,0.92,0.48,1/2 ebb,1.533,,86,,,,,,,,,91.74,0.04,2.72,5.34,0,0.16
78,JIC1,5/24/23,25,23,522.26,41.81,12.49115707,0.208,-0.01,7.44,3281833,1542119,1767311,0.87,0.47,1/2 flood,2.65,,73,1898.628703,510.7820791,2307.985067,0,0,208.7356059,4926.131198,,,,,,,
160,JIC1,6/21/23,25.5,25,230.51,27.02,8.532344897,0.139,-0.013,4.519,16548445,8588523,7927394,1.08,0.52,3/4 flood,3.695,,52,,,,,,,,,,,,,,
150,JIC1,7/5/23,29.5,24,355.25,28.36,12.52706082,0.212,0.045,11.17,16498410,6514455,9915278,0.66,0.39,1/4 flood,4.743,,52,,,,,,,,,,,,,,
173,JIC1,7/19/23,,,420.77,33.95,12.3922083,0.239,0.026,20.49,8172653,4329879,3913419,1.11,0.53,3/4 flood,4.366,,10,,,,,,,,,56.56,0,26.51,0,0,16.93
142,JIC1,8/2/23,28.5,25,239.88,20.18,11.8860735,0.226,,5.39,5918369,2221661,3771733,0.59,0.38,full flood,5.508,,86,,,,,,,,,,,,,,
159,JIC1,10/18/23,20,26,259.45,24.90,10.42120043,0.142,0.121,3.68,1613251,678090,941175,0.72,0.42,3/4 ebb,6.232,,20,,,,,,,,,84.84,0.03,15.02,0.01,0,0.11
13,SC1,5/11/22,22,32,189.27,16.24,11.65122597,0.081,0.01,3.5068,,,,,,1/2 ebb,2.0497,,52,1240.418966,0,931.8363953,144.4110031,0,225.6494268,2542.315626,,81.81,0.09,17.53,0.2,0,0.36
35,SC1,5/18/22,26,30,505.47,19.52,25.89566129,0.081,0,5.1498,3582445,2398348,1180978,2.03,0.67,3/4 flood,5.0391,,20,2354.071493,1.319025477,432.1688327,1.638357133,0,167.0793228,2956.277112,,,,,,,
23,SC1,5/25/22,27,26,509.60,22.36,22.79532085,0.146,0.054,5.704,4860031,2289368,2540958,0.9,0.47,3/4 ebb,0.64,,41,1495.901713,0,1009.483287,0,0,341.335729,2846.720824,,,,,,,
82,SC1,6/22/22,29,29,372.53,21.93,16.98646418,0.133,0.023,13.0251,7980769,5304767,2715819,1.95,0.66,full ebb,-0.09,,31,5966.335938,0,1781.014181,0,0,281.7621358,8029.112192,,,,,,,
88,SC1,7/6/22,31,19,293.95,24.81,11.84782948,0.177,0.078,9.4259,3921742,2908966,1009275,2.88,0.74,1/2 flood,1.99,,20,3136.580404,0,1994.558309,250.3268483,618.5217082,524.5873769,6524.574708,,8.75,0.03,53.71,6.97,30.43,0.12
77,SC1,7/20/22,30,22,316.65,32.98,9.600266019,0.163,0.16,6.782,,,,,,1/4 flood,1.12,,201,,,,,,,,,69.3,8.49,14.09,7.98,0,0.13
101,SC1,8/3/22,31,25,604.65,23.61,25.61002974,0.128,0.035,8.3678,6814358,3023570,3699834,0.82,0.44,3/4 flood,4.7817,,20,3541.535319,0,1932.767965,976.246877,0,0,6450.550101,,74.75,15.63,9.38,0.08,0,0.17
53,SC1,9/28/22,24,27,243.97,30.50,7.999333158,0.092,0.017,7.896666667,,,,,,full flood,6.1083,,,4077.180501,0,1146.551961,0,0,0,5223.732357,,94.89,4.95,0.1,0.01,0.03,0.02
54,SC1,10/5/22,18,28,389.43,27.12,14.36126218,0.099,0.049,2.436666667,3454098,1724023,1742181,0.99,0.5,3/4 ebb,0.91,,134,1622.550252,0.359703235,8.796708462,1.038917601,0.21109659,1.468939424,1634.425703,,,,,,,
66,SC1,10/19/22,19,30,312.17,23.19,13.46082711,0.141,0.056,4.863333333,3577397,1507029,2041418,0.74,0.42,1/2 flood,2.15915,,20,,,,,,,,,,,,,,
102,SC1,10/26/22,20,30,685.41,20.72,33.07323729,0.124,0.078,3.226666667,1235320,850637,363557,2.34,0.69,full flood,6.3855,,10,,,,,,,,,92.92,0,7.06,0,0,0.02
199,SC1,5/3/23,20,26,345.26,26.73,12.91596019,0.123,0.018,5.12,4188596,2043585,2046865,1,0.49,flood,4.257,,20,1498.08077,0,1548.307699,0,0,200.7059555,3247.09445,,59.05,0,24.09,16.85,0,0.01
179,SC1,5/10/23,24,26,311.99,31.23,9.990764005,0.113,0.014,6.28,3450668,1953041,1432218,1.36,0.57,1/2 ebb,1.87,,677,,,,,,,,,,,,,,
198,SC1,5/17/23,25.5,24,376.37,23.17,16.2422174,0.137,-0.027,5,2434545,1487401,976915,1.52,0.61,full flood,4.851,,10,,,,,,,,,,,,,,
192,SC1,5/24/23,23,30,273.05,23.71,11.51795453,0.075,-0.009,7.41,,,,,,1/2 flood,3.204,,20,,,,,,,,,75.19,12.88,11.22,0.29,0,0.42
147,SC1,7/5/23,29,26,232.67,15.48,15.02677218,0.111,-0.003,9.98,8720723,4839634,3913009,1.24,0.55,3/4 flood,4.92,,10,,,,,,,,,98.15,0.06,1.38,0.17,0.02,0.22
143,SC1,8/2/23,28,28,206.40,19.43,10.62182575,0.127,,4.72,6195000,2534236,3726323,0.68,0.41,ebb,5.277,,31,,,,,,,,,94.05,0.18,4.43,0.57,0.05,0.71
108,SC1,9/27/23,24.5,25,247.09,26.82,9.212118881,,,2.74,2420362,1359108,1103927,1.23,0.56,1/4 ebb,5.336,,75,,,,,,,,,97.95,0.06,1.52,0.19,0.02,0.25
119,SC1,9/27/23,,,160.46,20.88,7.683534691,,,,,,,,,,,,,,,,,,,,,,,,,,
130,SC1,10/4/23,24,26,356.08,35.63,9.993704243,0.237,0.018,,2389392,1271212,1158861,1.1,0.53,3/4 flood,5.99,,10,,,,,,,,,99.93,0,0.03,0,0.04,0.01
155,SC1,10/18/23,19.5,30,313.53,22.01,14.2464227,0.033,0.096,3.82,2542957,1233386,1345498,0.92,0.49,1/4 ebb,4.623,,30,,,,,,,,,,,,,,
2,WR1,5/4/22,25,25,328.85,18.08,18.18401234,0.11,0,8.65,3435758,1851149,1400520,1.32,0.54,full flood,4.58,,10,3241.749512,2.782156865,1218.832377,1.6779055,0,10.91105898,4475.952916,,,,,,,
8,WR1,5/11/22,23.5,29,412.21,17.95,22.96976454,0.232,0.001,4.3203,,,,,,3/4 ebb,0.5415,,20,1526.016195,0,1135.501633,0,485.3797963,410.7175344,3557.615295,,,,,,,
33,WR1,5/18/22,26,25,368.56,22.28,16.54306065,0.105,0,4.1613,3866106,2156199,1675397,1.29,0.56,1/4 ebb,5.047,,10,2775.489705,5.420539459,690.272505,13.72258504,0,21.08147001,3505.986771,,,,,,,
36,WR1,6/22/22,29,25,500.07,21.09,23.71569193,0.166,0.007,6.5621,5451296,3415543,2080039,1.64,0.63,full ebb,0.152,,10,3291.033122,48.64293098,191.7249363,2.841785431,0,240.0982819,3774.341158,,,,,,,
91,WR1,7/6/22,30.5,20,382.04,19.73,19.36056699,0.152,0.059,4.3094,3697617,1630114,2007783,0.81,0.44,1/2 flood,3.1482,,10,974.9474691,8.926080704,1187.986206,463.6061605,0,380.2485199,3015.714385,,97.59,0.07,1.8,0.23,0.03,0.29
76,WR1,7/20/22,30,20,329.78,24.34,13.55064621,0.15,0.121,4.171,5025741,2553820,2387608,1.07,0.51,1/2 flood,2.376,,10,,,,,,,,,,,,,,
94,WR1,8/3/22,31,20,331.66,23.81,13.93038456,0.165,0.013,5.3918,8842932,6203859,2588517,2.4,0.7,1/2 flood,4.6453,,30,1911.386414,0.388382054,350.4258315,557.2651978,0,444.6528168,3264.118734,,,,,,,
48,WR1,9/28/22,,25,275.11,32.19,8.545592783,0.112,0.059,3.17,,,,,,3/4 flood,6.4272,,,1780.335754,54.86085192,208.3237873,5.707926909,0,186.2549184,2235.483278,,,,,,,
67,WR1,10/19/22,21.5,26,391.36,29.24,13.38372783,0.172,0.144,3.106666667,1661904,1019538,561250,1.82,0.61,full ebb,1.4535,,20,,,,,,,,,,,,,,
81,WR1,10/26/22,21,26,532.54,24.15,22.04928376,0.111,0.032,4.02,2076652,1316966,719636,1.83,0.63,1/4 ebb,6.18,,40,,,,,,,,,,,,,,
184,WR1,5/3/23,20.5,27,307.77,27.84,11.05398764,0.177,-0.023,5.07,3608612,1738941,1661984,1.05,0.48,flood,2.643,,10,622.0537821,0,589.2257792,0,0,45.37240855,1256.651989,,,,,,,
193,WR1,5/10/23,22,21,317.96,31.51,10.09031522,0.125,-0.011,14.6,,,,,,3/4 flood,4.697,,10,,,,,,,,,,,,,,
124,WR1,5/17/23,26,21,280.57,32.70,8.578878944,0.162,-0.078,6.04,3587746,1771820,1889988,0.94,0.49,1/4 ebb,3.237,,10,1980.290426,0,1306.111898,0,0,0,3286.402331,,,,,,,
200,WR1,5/24/23,23,25,343.82,31.99,10.74617909,0.117,-0.012,4.87,4078114,2202774,1869807,1.18,0.54,3/4 flood,3.841,,20,1708.579224,0.022734313,752.0824585,0,0,608.2853546,3068.969813,,,,,,,
172,WR1,6/21/23,26,20,242.35,19.13,12.66826393,0.144,-0.001,4.141,6365870,3295065,3107660,1.06,0.52,full flood,4.439,,10,790.0906677,0.140683457,1287.721013,189.9633026,880.788269,306.9213918,3455.625301,,,,,,,
151,WR1,7/5/23,29,22,270.58,21.60,12.52572544,0.133,0.003,5.77,9520527,4566120,4929200,0.93,0.48,3/4 ebb,5.15,,10,2755.955607,0,1291.572164,0,0,824.8494059,4872.376867,,,,,,,
171,WR1,7/19/23,30,24,299.32,18.71,15.99754863,0.151,-0.014,9.89,5197480,2853643,2390659,1.19,0.55,3/4 flood,4.46,,30,3818.283366,467.7725677,776.4224019,439.5910695,0,7.431578318,5509.501042,,,,,,,
140,WR1,8/2/23,28.5,30,238.44,22.17,10.75642248,0.205,,8.57,8389733,3429465,5084828,0.67,0.41,ebb,4.831,,20,4292.456543,735.2029622,640.7397481,16.35067495,0,23.92152357,5708.671456,,,,,,,
112,WR1,9/27/23,24.5,25,195.38,19.82,9.860017405,,,1.58,,,,,,1/2 ebb,2.782,,63,1662.783773,1.261390408,30.60464258,3.887441039,0.426262279,4.956231276,1703.919844,,,,,,,
115,WR1,9/27/23,,,261.92,27.81,9.420014957,,,,,,,,,,,,,,,,,,,,,,,,,,
129,WR1,10/4/23,24,24,296.64,24.59,12.06213849,0.205,0.01,2.13,2508371,1023077,1413885,0.72,0.41,3/4 flood,4.891,,10,,,,,,,,,,,,,,
156,WR1,10/18/23,20,25,328.99,24.68,13.33276057,0.182,0.062,2.76,2142871,925456,1224048,0.76,0.43,1/2 ebb,5.634,,20,,,,,,,,,,,,,,
,,,,,,,,,,,,,,,,,,,,,,,,,,,,,,,,,
,,,,,,,,,,,,,,,,,,,,,,,,,,,,,,,,,
,,,,,,,,,,,,,,,,,,,,,,,,,,,,,,,,,
,,,,,,,,,,,,,,,,,,,,,,,,,,,,,,,,,
,,,,,,,,,,,,,,,,,,,,,,,,,,,,,,,,,
,,,,,,,,,,,,,,,,,,,,,,,,,,,,,,,,,
,,,,,,,,,,,,,,,,,,,,,,,,,,,,,,,,,
,,,,,,,,,,,,,,,,,,,,,,,,,,,,,,,,,
,,,,,,,,,,,,,,,,,,,,,,,,,,,,,,,,,
,,,,,,,,,,,,,,,,,,,,,,,,,,,,,,,,,
,,,,,,,,,,,,,,,,,,,,,,,,,,,,,,,,,
,,,,,,,,,,,,,,,,,,,,,,,,,,,,,,,,,
,,,,,,,,,,,,,,,,,,,,,,,,,,,,,,,,,
,,,,,,,,,,,,,,,,,,,,,,,,,,,,,,,,,
,,,,,,,,,,,,,,,,,,,,,,,,,,,,,,,,,
,,,,,,,,,,,,,,,,,,,,,,,,,,,,,,,,,
,,,,,,,,,,,,,,,,,,,,,,,,,,,,,,,,,
,,,,,,,,,,,,,,,,,,,,,,,,,,,,,,,,,
,,,,,,,,,,,,,,,,,,,,,,,,,,,,,,,,,
,,,,,,,,,,,,,,,,,,,,,,,,,,,,,,,,,
,,,,,,,,,,,,,,,,,,,,,,,,,,,,,,,,,
,,,,,,,,,,,,,,,,,,,,,,,,,,,,,,,,,
,,,,,,,,,,,,,,,,,,,,,,,,,,,,,,,,,
,,,,,,,,,,,,,,,,,,,,,,,,,,,,,,,,,
,,,,,,,,,,,,,,,,,,,,,,,,,,,,,,,,,
,,,,,,,,,,,,,,,,,,,,,,,,,,,,,,,,,
,,,,,,,,,,,,,,,,,,,,,,,,,,,,,,,,,
,,,,,,,,,,,,,,,,,,,,,,,,,,,,,,,,,
,,,,,,,,,,,,,,,,,,,,,,,,,,,,,,,,,
,,,,,,,,,,,,,,,,,,,,,,,,,,,,,,,,,
,,,,,,,,,,,,,,,,,,,,,,,,,,,,,,,,,
,,,,,,,,,,,,,,,,,,,,,,,,,,,,,,,,,
,,,,,,,,,,,,,,,,,,,,,,,,,,,,,,,,,
,,,,,,,,,,,,,,,,,,,,,,,,,,,,,,,,,
,,,,,,,,,,,,,,,,,,,,,,,,,,,,,,,,,
,,,,,,,,,,,,,,,,,,,,,,,,,,,,,,,,,
,,,,,,,,,,,,,,,,,,,,,,,,,,,,,,,,,
,,,,,,,,,,,,,,,,,,,,,,,,,,,,,,,,,
,,,,,,,,,,,,,,,,,,,,,,,,,,,,,,,,,
,,,,,,,,,,,,,,,,,,,,,,,,,,,,,,,,,
,,,,,,,,,,,,,,,,,,,,,,,,,,,,,,,,,
,,,,,,,,,,,,,,,,,,,,,,,,,,,,,,,,,
,,,,,,,,,,,,,,,,,,,,,,,,,,,,,,,,,
,,,,,,,,,,,,,,,,,,,,,,,,,,,,,,,,,
,,,,,,,,,,,,,,,,,,,,,,,,,,,,,,,,,
,,,,,,,,,,,,,,,,,,,,,,,,,,,,,,,,,
,,,,,,,,,,,,,,,,,,,,,,,,,,,,,,,,,
,,,,,,,,,,,,,,,,,,,,,,,,,,,,,,,,,
,,,,,,,,,,,,,,,,,,,,,,,,,,,,,,,,,
,,,,,,,,,,,,,,,,,,,,,,,,,,,,,,,,,
,,,,,,,,,,,,,,,,,,,,,,,,,,,,,,,,,
,,,,,,,,,,,,,,,,,,,,,,,,,,,,,,,,,
,,,,,,,,,,,,,,,,,,,,,,,,,,,,,,,,,
,,,,,,,,,,,,,,,,,,,,,,,,,,,,,,,,,
,,,,,,,,,,,,,,,,,,,,,,,,,,,,,,,,,
,,,,,,,,,,,,,,,,,,,,,,,,,,,,,,,,,
,,,,,,,,,,,,,,,,,,,,,,,,,,,,,,,,,
,,,,,,,,,,,,,,,,,,,,,,,,,,,,,,,,,
,,,,,,,,,,,,,,,,,,,,,,,,,,,,,,,,,
,,,,,,,,,,,,,,,,,,,,,,,,,,,,,,,,,
,,,,,,,,,,,,,,,,,,,,,,,,,,,,,,,,,
,,,,,,,,,,,,,,,,,,,,,,,,,,,,,,,,,
,,,,,,,,,,,,,,,,,,,,,,,,,,,,,,,,,
,,,,,,,,,,,,,,,,,,,,,,,,,,,,,,,,,
,,,,,,,,,,,,,,,,,,,,,,,,,,,,,,,,,
,,,,,,,,,,,,,,,,,,,,,,,,,,,,,,,,,
,,,,,,,,,,,,,,,,,,,,,,,,,,,,,,,,,
,,,,,,,,,,,,,,,,,,,,,,,,,,,,,,,,,
,,,,,,,,,,,,,,,,,,,,,,,,,,,,,,,,,
,,,,,,,,,,,,,,,,,,,,,,,,,,,,,,,,,
,,,,,,,,,,,,,,,,,,,,,,,,,,,,,,,,,
,,,,,,,,,,,,,,,,,,,,,,,,,,,,,,,,,
,,,,,,,,,,,,,,,,,,,,,,,,,,,,,,,,,
,,,,,,,,,,,,,,,,,,,,,,,,,,,,,,,,,
,,,,,,,,,,,,,,,,,,,,,,,,,,,,,,,,,
,,,,,,,,,,,,,,,,,,,,,,,,,,,,,,,,,
,,,,,,,,,,,,,,,,,,,,,,,,,,,,,,,,,
,,,,,,,,,,,,,,,,,,,,,,,,,,,,,,,,,
,,,,,,,,,,,,,,,,,,,,,,,,,,,,,,,,,
,,,,,,,,,,,,,,,,,,,,,,,,,,,,,,,,,
,,,,,,,,,,,,,,,,,,,,,,,,,,,,,,,,,
,,,,,,,,,,,,,,,,,,,,,,,,,,,,,,,,,
,,,,,,,,,,,,,,,,,,,,,,,,,,,,,,,,,
,,,,,,,,,,,,,,,,,,,,,,,,,,,,,,,,,
,,,,,,,,,,,,,,,,,,,,,,,,,,,,,,,,,
,,,,,,,,,,,,,,,,,,,,,,,,,,,,,,,,,
,,,,,,,,,,,,,,,,,,,,,,,,,,,,,,,,,
,,,,,,,,,,,,,,,,,,,,,,,,,,,,,,,,,
,,,,,,,,,,,,,,,,,,,,,,,,,,,,,,,,,
,,,,,,,,,,,,,,,,,,,,,,,,,,,,,,,,,
,,,,,,,,,,,,,,,,,,,,,,,,,,,,,,,,,
,,,,,,,,,,,,,,,,,,,,,,,,,,,,,,,,,
,,,,,,,,,,,,,,,,,,,,,,,,,,,,,,,,,
,,,,,,,,,,,,,,,,,,,,,,,,,,,,,,,,,
,,,,,,,,,,,,,,,,,,,,,,,,,,,,,,,,,
,,,,,,,,,,,,,,,,,,,,,,,,,,,,,,,,,
,,,,,,,,,,,,,,,,,,,,,,,,,,,,,,,,,
,,,,,,,,,,,,,,,,,,,,,,,,,,,,,,,,,
,,,,,,,,,,,,,,,,,,,,,,,,,,,,,,,,,
,,,,,,,,,,,,,,,,,,,,,,,,,,,,,,,,,
,,,,,,,,,,,,,,,,,,,,,,,,,,,,,,,,,
,,,,,,,,,,,,,,,,,,,,,,,,,,,,,,,,,
,,,,,,,,,,,,,,,,,,,,,,,,,,,,,,,,,
,,,,,,,,,,,,,,,,,,,,,,,,,,,,,,,,,
,,,,,,,,,,,,,,,,,,,,,,,,,,,,,,,,,
,,,,,,,,,,,,,,,,,,,,,,,,,,,,,,,,,
,,,,,,,,,,,,,,,,,,,,,,,,,,,,,,,,,
,,,,,,,,,,,,,,,,,,,,,,,,,,,,,,,,,
,,,,,,,,,,,,,,,,,,,,,,,,,,,,,,,,,
,,,,,,,,,,,,,,,,,,,,,,,,,,,,,,,,,
,,,,,,,,,,,,,,,,,,,,,,,,,,,,,,,,,
,,,,,,,,,,,,,,,,,,,,,,,,,,,,,,,,,
,,,,,,,,,,,,,,,,,,,,,,,,,,,,,,,,,
,,,,,,,,,,,,,,,,,,,,,,,,,,,,,,,,,
,,,,,,,,,,,,,,,,,,,,,,,,,,,,,,,,,
,,,,,,,,,,,,,,,,,,,,,,,,,,,,,,,,,
,,,,,,,,,,,,,,,,,,,,,,,,,,,,,,,,,
,,,,,,,,,,,,,,,,,,,,,,,,,,,,,,,,,
,,,,,,,,,,,,,,,,,,,,,,,,,,,,,,,,,
,,,,,,,,,,,,,,,,,,,,,,,,,,,,,,,,,
,,,,,,,,,,,,,,,,,,,,,,,,,,,,,,,,,
,,,,,,,,,,,,,,,,,,,,,,,,,,,,,,,,,
,,,,,,,,,,,,,,,,,,,,,,,,,,,,,,,,,
,,,,,,,,,,,,,,,,,,,,,,,,,,,,,,,,,
,,,,,,,,,,,,,,,,,,,,,,,,,,,,,,,,,
,,,,,,,,,,,,,,,,,,,,,,,,,,,,,,,,,
,,,,,,,,,,,,,,,,,,,,,,,,,,,,,,,,,
,,,,,,,,,,,,,,,,,,,,,,,,,,,,,,,,,
,,,,,,,,,,,,,,,,,,,,,,,,,,,,,,,,,
,,,,,,,,,,,,,,,,,,,,,,,,,,,,,,,,,
,,,,,,,,,,,,,,,,,,,,,,,,,,,,,,,,,
,,,,,,,,,,,,,,,,,,,,,,,,,,,,,,,,,
,,,,,,,,,,,,,,,,,,,,,,,,,,,,,,,,,
,,,,,,,,,,,,,,,,,,,,,,,,,,,,,,,,,
,,,,,,,,,,,,,,,,,,,,,,,,,,,,,,,,,
,,,,,,,,,,,,,,,,,,,,,,,,,,,,,,,,,
,,,,,,,,,,,,,,,,,,,,,,,,,,,,,,,,,
,,,,,,,,,,,,,,,,,,,,,,,,,,,,,,,,,
,,,,,,,,,,,,,,,,,,,,,,,,,,,,,,,,,
,,,,,,,,,,,,,,,,,,,,,,,,,,,,,,,,,
,,,,,,,,,,,,,,,,,,,,,,,,,,,,,,,,,
,,,,,,,,,,,,,,,,,,,,,,,,,,,,,,,,,
,,,,,,,,,,,,,,,,,,,,,,,,,,,,,,,,,
,,,,,,,,,,,,,,,,,,,,,,,,,,,,,,,,,
,,,,,,,,,,,,,,,,,,,,,,,,,,,,,,,,,
,,,,,,,,,,,,,,,,,,,,,,,,,,,,,,,,,
,,,,,,,,,,,,,,,,,,,,,,,,,,,,,,,,,
,,,,,,,,,,,,,,,,,,,,,,,,,,,,,,,,,
,,,,,,,,,,,,,,,,,,,,,,,,,,,,,,,,,
,,,,,,,,,,,,,,,,,,,,,,,,,,,,,,,,,
,,,,,,,,,,,,,,,,,,,,,,,,,,,,,,,,,
,,,,,,,,,,,,,,,,,,,,,,,,,,,,,,,,,
,,,,,,,,,,,,,,,,,,,,,,,,,,,,,,,,,
,,,,,,,,,,,,,,,,,,,,,,,,,,,,,,,,,
,,,,,,,,,,,,,,,,,,,,,,,,,,,,,,,,,
,,,,,,,,,,,,,,,,,,,,,,,,,,,,,,,,,
,,,,,,,,,,,,,,,,,,,,,,,,,,,,,,,,,
,,,,,,,,,,,,,,,,,,,,,,,,,,,,,,,,,
,,,,,,,,,,,,,,,,,,,,,,,,,,,,,,,,,
,,,,,,,,,,,,,,,,,,,,,,,,,,,,,,,,,
,,,,,,,,,,,,,,,,,,,,,,,,,,,,,,,,,
,,,,,,,,,,,,,,,,,,,,,,,,,,,,,,,,,
,,,,,,,,,,,,,,,,,,,,,,,,,,,,,,,,,
,,,,,,,,,,,,,,,,,,,,,,,,,,,,,,,,,
,,,,,,,,,,,,,,,,,,,,,,,,,,,,,,,,,
,,,,,,,,,,,,,,,,,,,,,,,,,,,,,,,,,
,,,,,,,,,,,,,,,,,,,,,,,,,,,,,,,,,
,,,,,,,,,,,,,,,,,,,,,,,,,,,,,,,,,
,,,,,,,,,,,,,,,,,,,,,,,,,,,,,,,,,
,,,,,,,,,,,,,,,,,,,,,,,,,,,,,,,,,
,,,,,,,,,,,,,,,,,,,,,,,,,,,,,,,,,
,,,,,,,,,,,,,,,,,,,,,,,,,,,,,,,,,
,,,,,,,,,,,,,,,,,,,,,,,,,,,,,,,,,
,,,,,,,,,,,,,,,,,,,,,,,,,,,,,,,,,
,,,,,,,,,,,,,,,,,,,,,,,,,,,,,,,,,
,,,,,,,,,,,,,,,,,,,,,,,,,,,,,,,,,
,,,,,,,,,,,,,,,,,,,,,,,,,,,,,,,,,
,,,,,,,,,,,,,,,,,,,,,,,,,,,,,,,,,
,,,,,,,,,,,,,,,,,,,,,,,,,,,,,,,,,
,,,,,,,,,,,,,,,,,,,,,,,,,,,,,,,,,
,,,,,,,,,,,,,,,,,,,,,,,,,,,,,,,,,
,,,,,,,,,,,,,,,,,,,,,,,,,,,,,,,,,
,,,,,,,,,,,,,,,,,,,,,,,,,,,,,,,,,
,,,,,,,,,,,,,,,,,,,,,,,,,,,,,,,,,
,,,,,,,,,,,,,,,,,,,,,,,,,,,,,,,,,
,,,,,,,,,,,,,,,,,,,,,,,,,,,,,,,,,
,,,,,,,,,,,,,,,,,,,,,,,,,,,,,,,,,
,,,,,,,,,,,,,,,,,,,,,,,,,,,,,,,,,
,,,,,,,,,,,,,,,,,,,,,,,,,,,,,,,,,
,,,,,,,,,,,,,,,,,,,,,,,,,,,,,,,,,
,,,,,,,,,,,,,,,,,,,,,,,,,,,,,,,,,
,,,,,,,,,,,,,,,,,,,,,,,,,,,,,,,,,
,,,,,,,,,,,,,,,,,,,,,,,,,,,,,,,,,
,,,,,,,,,,,,,,,,,,,,,,,,,,,,,,,,,
,,,,,,,,,,,,,,,,,,,,,,,,,,,,,,,,,
,,,,,,,,,,,,,,,,,,,,,,,,,,,,,,,,,
,,,,,,,,,,,,,,,,,,,,,,,,,,,,,,,,,
,,,,,,,,,,,,,,,,,,,,,,,,,,,,,,,,,
,,,,,,,,,,,,,,,,,,,,,,,,,,,,,,,,,
,,,,,,,,,,,,,,,,,,,,,,,,,,,,,,,,,
,,,,,,,,,,,,,,,,,,,,,,,,,,,,,,,,,
,,,,,,,,,,,,,,,,,,,,,,,,,,,,,,,,,
,,,,,,,,,,,,,,,,,,,,,,,,,,,,,,,,,
,,,,,,,,,,,,,,,,,,,,,,,,,,,,,,,,,
,,,,,,,,,,,,,,,,,,,,,,,,,,,,,,,,,
,,,,,,,,,,,,,,,,,,,,,,,,,,,,,,,,,
,,,,,,,,,,,,,,,,,,,,,,,,,,,,,,,,,
,,,,,,,,,,,,,,,,,,,,,,,,,,,,,,,,,
,,,,,,,,,,,,,,,,,,,,,,,,,,,,,,,,,
,,,,,,,,,,,,,,,,,,,,,,,,,,,,,,,,,
,,,,,,,,,,,,,,,,,,,,,,,,,,,,,,,,,
,,,,,,,,,,,,,,,,,,,,,,,,,,,,,,,,,
,,,,,,,,,,,,,,,,,,,,,,,,,,,,,,,,,
,,,,,,,,,,,,,,,,,,,,,,,,,,,,,,,,,
,,,,,,,,,,,,,,,,,,,,,,,,,,,,,,,,,
,,,,,,,,,,,,,,,,,,,,,,,,,,,,,,,,,
,,,,,,,,,,,,,,,,,,,,,,,,,,,,,,,,,
,,,,,,,,,,,,,,,,,,,,,,,,,,,,,,,,,
,,,,,,,,,,,,,,,,,,,,,,,,,,,,,,,,,
,,,,,,,,,,,,,,,,,,,,,,,,,,,,,,,,,
,,,,,,,,,,,,,,,,,,,,,,,,,,,,,,,,,
,,,,,,,,,,,,,,,,,,,,,,,,,,,,,,,,,
,,,,,,,,,,,,,,,,,,,,,,,,,,,,,,,,,
,,,,,,,,,,,,,,,,,,,,,,,,,,,,,,,,,
,,,,,,,,,,,,,,,,,,,,,,,,,,,,,,,,,
,,,,,,,,,,,,,,,,,,,,,,,,,,,,,,,,,
,,,,,,,,,,,,,,,,,,,,,,,,,,,,,,,,,
,,,,,,,,,,,,,,,,,,,,,,,,,,,,,,,,,
,,,,,,,,,,,,,,,,,,,,,,,,,,,,,,,,,
,,,,,,,,,,,,,,,,,,,,,,,,,,,,,,,,,
,,,,,,,,,,,,,,,,,,,,,,,,,,,,,,,,,
,,,,,,,,,,,,,,,,,,,,,,,,,,,,,,,,,
,,,,,,,,,,,,,,,,,,,,,,,,,,,,,,,,,
,,,,,,,,,,,,,,,,,,,,,,,,,,,,,,,,,
,,,,,,,,,,,,,,,,,,,,,,,,,,,,,,,,,
,,,,,,,,,,,,,,,,,,,,,,,,,,,,,,,,,
,,,,,,,,,,,,,,,,,,,,,,,,,,,,,,,,,
,,,,,,,,,,,,,,,,,,,,,,,,,,,,,,,,,
,,,,,,,,,,,,,,,,,,,,,,,,,,,,,,,,,
,,,,,,,,,,,,,,,,,,,,,,,,,,,,,,,,,
,,,,,,,,,,,,,,,,,,,,,,,,,,,,,,,,,
,,,,,,,,,,,,,,,,,,,,,,,,,,,,,,,,,
,,,,,,,,,,,,,,,,,,,,,,,,,,,,,,,,,
,,,,,,,,,,,,,,,,,,,,,,,,,,,,,,,,,
,,,,,,,,,,,,,,,,,,,,,,,,,,,,,,,,,
,,,,,,,,,,,,,,,,,,,,,,,,,,,,,,,,,
,,,,,,,,,,,,,,,,,,,,,,,,,,,,,,,,,
,,,,,,,,,,,,,,,,,,,,,,,,,,,,,,,,,
,,,,,,,,,,,,,,,,,,,,,,,,,,,,,,,,,
,,,,,,,,,,,,,,,,,,,,,,,,,,,,,,,,,
,,,,,,,,,,,,,,,,,,,,,,,,,,,,,,,,,
,,,,,,,,,,,,,,,,,,,,,,,,,,,,,,,,,
,,,,,,,,,,,,,,,,,,,,,,,,,,,,,,,,,
,,,,,,,,,,,,,,,,,,,,,,,,,,,,,,,,,
,,,,,,,,,,,,,,,,,,,,,,,,,,,,,,,,,
,,,,,,,,,,,,,,,,,,,,,,,,,,,,,,,,,
,,,,,,,,,,,,,,,,,,,,,,,,,,,,,,,,,
,,,,,,,,,,,,,,,,,,,,,,,,,,,,,,,,,
,,,,,,,,,,,,,,,,,,,,,,,,,,,,,,,,,
,,,,,,,,,,,,,,,,,,,,,,,,,,,,,,,,,
,,,,,,,,,,,,,,,,,,,,,,,,,,,,,,,,,
,,,,,,,,,,,,,,,,,,,,,,,,,,,,,,,,,
,,,,,,,,,,,,,,,,,,,,,,,,,,,,,,,,,
,,,,,,,,,,,,,,,,,,,,,,,,,,,,,,,,,
,,,,,,,,,,,,,,,,,,,,,,,,,,,,,,,,,
,,,,,,,,,,,,,,,,,,,,,,,,,,,,,,,,,
,,,,,,,,,,,,,,,,,,,,,,,,,,,,,,,,,
,,,,,,,,,,,,,,,,,,,,,,,,,,,,,,,,,
,,,,,,,,,,,,,,,,,,,,,,,,,,,,,,,,,
,,,,,,,,,,,,,,,,,,,,,,,,,,,,,,,,,
,,,,,,,,,,,,,,,,,,,,,,,,,,,,,,,,,
,,,,,,,,,,,,,,,,,,,,,,,,,,,,,,,,,
,,,,,,,,,,,,,,,,,,,,,,,,,,,,,,,,,
,,,,,,,,,,,,,,,,,,,,,,,,,,,,,,,,,
,,,,,,,,,,,,,,,,,,,,,,,,,,,,,,,,,
,,,,,,,,,,,,,,,,,,,,,,,,,,,,,,,,,
,,,,,,,,,,,,,,,,,,,,,,,,,,,,,,,,,
,,,,,,,,,,,,,,,,,,,,,,,,,,,,,,,,,
,,,,,,,,,,,,,,,,,,,,,,,,,,,,,,,,,
,,,,,,,,,,,,,,,,,,,,,,,,,,,,,,,,,
,,,,,,,,,,,,,,,,,,,,,,,,,,,,,,,,,
,,,,,,,,,,,,,,,,,,,,,,,,,,,,,,,,,
,,,,,,,,,,,,,,,,,,,,,,,,,,,,,,,,,
,,,,,,,,,,,,,,,,,,,,,,,,,,,,,,,,,
,,,,,,,,,,,,,,,,,,,,,,,,,,,,,,,,,
,,,,,,,,,,,,,,,,,,,,,,,,,,,,,,,,,
,,,,,,,,,,,,,,,,,,,,,,,,,,,,,,,,,
,,,,,,,,,,,,,,,,,,,,,,,,,,,,,,,,,
,,,,,,,,,,,,,,,,,,,,,,,,,,,,,,,,,
,,,,,,,,,,,,,,,,,,,,,,,,,,,,,,,,,
,,,,,,,,,,,,,,,,,,,,,,,,,,,,,,,,,
,,,,,,,,,,,,,,,,,,,,,,,,,,,,,,,,,
,,,,,,,,,,,,,,,,,,,,,,,,,,,,,,,,,
,,,,,,,,,,,,,,,,,,,,,,,,,,,,,,,,,
,,,,,,,,,,,,,,,,,,,,,,,,,,,,,,,,,
,,,,,,,,,,,,,,,,,,,,,,,,,,,,,,,,,
,,,,,,,,,,,,,,,,,,,,,,,,,,,,,,,,,
,,,,,,,,,,,,,,,,,,,,,,,,,,,,,,,,,
,,,,,,,,,,,,,,,,,,,,,,,,,,,,,,,,,
,,,,,,,,,,,,,,,,,,,,,,,,,,,,,,,,,
,,,,,,,,,,,,,,,,,,,,,,,,,,,,,,,,,
,,,,,,,,,,,,,,,,,,,,,,,,,,,,,,,,,
,,,,,,,,,,,,,,,,,,,,,,,,,,,,,,,,,
,,,,,,,,,,,,,,,,,,,,,,,,,,,,,,,,,
,,,,,,,,,,,,,,,,,,,,,,,,,,,,,,,,,
,,,,,,,,,,,,,,,,,,,,,,,,,,,,,,,,,
,,,,,,,,,,,,,,,,,,,,,,,,,,,,,,,,,
,,,,,,,,,,,,,,,,,,,,,,,,,,,,,,,,,
,,,,,,,,,,,,,,,,,,,,,,,,,,,,,,,,,
,,,,,,,,,,,,,,,,,,,,,,,,,,,,,,,,,
,,,,,,,,,,,,,,,,,,,,,,,,,,,,,,,,,
,,,,,,,,,,,,,,,,,,,,,,,,,,,,,,,,,
,,,,,,,,,,,,,,,,,,,,,,,,,,,,,,,,,
,,,,,,,,,,,,,,,,,,,,,,,,,,,,,,,,,
,,,,,,,,,,,,,,,,,,,,,,,,,,,,,,,,,
,,,,,,,,,,,,,,,,,,,,,,,,,,,,,,,,,
,,,,,,,,,,,,,,,,,,,,,,,,,,,,,,,,,
,,,,,,,,,,,,,,,,,,,,,,,,,,,,,,,,,
,,,,,,,,,,,,,,,,,,,,,,,,,,,,,,,,,
,,,,,,,,,,,,,,,,,,,,,,,,,,,,,,,,,
,,,,,,,,,,,,,,,,,,,,,,,,,,,,,,,,,
,,,,,,,,,,,,,,,,,,,,,,,,,,,,,,,,,
,,,,,,,,,,,,,,,,,,,,,,,,,,,,,,,,,
,,,,,,,,,,,,,,,,,,,,,,,,,,,,,,,,,
,,,,,,,,,,,,,,,,,,,,,,,,,,,,,,,,,
,,,,,,,,,,,,,,,,,,,,,,,,,,,,,,,,,
,,,,,,,,,,,,,,,,,,,,,,,,,,,,,,,,,
,,,,,,,,,,,,,,,,,,,,,,,,,,,,,,,,,
,,,,,,,,,,,,,,,,,,,,,,,,,,,,,,,,,
,,,,,,,,,,,,,,,,,,,,,,,,,,,,,,,,,
,,,,,,,,,,,,,,,,,,,,,,,,,,,,,,,,,
,,,,,,,,,,,,,,,,,,,,,,,,,,,,,,,,,
,,,,,,,,,,,,,,,,,,,,,,,,,,,,,,,,,
,,,,,,,,,,,,,,,,,,,,,,,,,,,,,,,,,
,,,,,,,,,,,,,,,,,,,,,,,,,,,,,,,,,
,,,,,,,,,,,,,,,,,,,,,,,,,,,,,,,,,
,,,,,,,,,,,,,,,,,,,,,,,,,,,,,,,,,
,,,,,,,,,,,,,,,,,,,,,,,,,,,,,,,,,
,,,,,,,,,,,,,,,,,,,,,,,,,,,,,,,,,
,,,,,,,,,,,,,,,,,,,,,,,,,,,,,,,,,
,,,,,,,,,,,,,,,,,,,,,,,,,,,,,,,,,
,,,,,,,,,,,,,,,,,,,,,,,,,,,,,,,,,
,,,,,,,,,,,,,,,,,,,,,,,,,,,,,,,,,
,,,,,,,,,,,,,,,,,,,,,,,,,,,,,,,,,
,,,,,,,,,,,,,,,,,,,,,,,,,,,,,,,,,
,,,,,,,,,,,,,,,,,,,,,,,,,,,,,,,,,
,,,,,,,,,,,,,,,,,,,,,,,,,,,,,,,,,
,,,,,,,,,,,,,,,,,,,,,,,,,,,,,,,,,
,,,,,,,,,,,,,,,,,,,,,,,,,,,,,,,,,
,,,,,,,,,,,,,,,,,,,,,,,,,,,,,,,,,
,,,,,,,,,,,,,,,,,,,,,,,,,,,,,,,,,
,,,,,,,,,,,,,,,,,,,,,,,,,,,,,,,,,
,,,,,,,,,,,,,,,,,,,,,,,,,,,,,,,,,
,,,,,,,,,,,,,,,,,,,,,,,,,,,,,,,,,
,,,,,,,,,,,,,,,,,,,,,,,,,,,,,,,,,
,,,,,,,,,,,,,,,,,,,,,,,,,,,,,,,,,
,,,,,,,,,,,,,,,,,,,,,,,,,,,,,,,,,
,,,,,,,,,,,,,,,,,,,,,,,,,,,,,,,,,
,,,,,,,,,,,,,,,,,,,,,,,,,,,,,,,,,
,,,,,,,,,,,,,,,,,,,,,,,,,,,,,,,,,
,,,,,,,,,,,,,,,,,,,,,,,,,,,,,,,,,
,,,,,,,,,,,,,,,,,,,,,,,,,,,,,,,,,
,,,,,,,,,,,,,,,,,,,,,,,,,,,,,,,,,
,,,,,,,,,,,,,,,,,,,,,,,,,,,,,,,,,
,,,,,,,,,,,,,,,,,,,,,,,,,,,,,,,,,
,,,,,,,,,,,,,,,,,,,,,,,,,,,,,,,,,
,,,,,,,,,,,,,,,,,,,,,,,,,,,,,,,,,
,,,,,,,,,,,,,,,,,,,,,,,,,,,,,,,,,
,,,,,,,,,,,,,,,,,,,,,,,,,,,,,,,,,
,,,,,,,,,,,,,,,,,,,,,,,,,,,,,,,,,
,,,,,,,,,,,,,,,,,,,,,,,,,,,,,,,,,
,,,,,,,,,,,,,,,,,,,,,,,,,,,,,,,,,
,,,,,,,,,,,,,,,,,,,,,,,,,,,,,,,,,
,,,,,,,,,,,,,,,,,,,,,,,,,,,,,,,,,
,,,,,,,,,,,,,,,,,,,,,,,,,,,,,,,,,
,,,,,,,,,,,,,,,,,,,,,,,,,,,,,,,,,
,,,,,,,,,,,,,,,,,,,,,,,,,,,,,,,,,
,,,,,,,,,,,,,,,,,,,,,,,,,,,,,,,,,
,,,,,,,,,,,,,,,,,,,,,,,,,,,,,,,,,
,,,,,,,,,,,,,,,,,,,,,,,,,,,,,,,,,
,,,,,,,,,,,,,,,,,,,,,,,,,,,,,,,,,
,,,,,,,,,,,,,,,,,,,,,,,,,,,,,,,,,
,,,,,,,,,,,,,,,,,,,,,,,,,,,,,,,,,
,,,,,,,,,,,,,,,,,,,,,,,,,,,,,,,,,
,,,,,,,,,,,,,,,,,,,,,,,,,,,,,,,,,
,,,,,,,,,,,,,,,,,,,,,,,,,,,,,,,,,
,,,,,,,,,,,,,,,,,,,,,,,,,,,,,,,,,
,,,,,,,,,,,,,,,,,,,,,,,,,,,,,,,,,
,,,,,,,,,,,,,,,,,,,,,,,,,,,,,,,,,
,,,,,,,,,,,,,,,,,,,,,,,,,,,,,,,,,
,,,,,,,,,,,,,,,,,,,,,,,,,,,,,,,,,
,,,,,,,,,,,,,,,,,,,,,,,,,,,,,,,,,
,,,,,,,,,,,,,,,,,,,,,,,,,,,,,,,,,
,,,,,,,,,,,,,,,,,,,,,,,,,,,,,,,,,
,,,,,,,,,,,,,,,,,,,,,,,,,,,,,,,,,
,,,,,,,,,,,,,,,,,,,,,,,,,,,,,,,,,
,,,,,,,,,,,,,,,,,,,,,,,,,,,,,,,,,
,,,,,,,,,,,,,,,,,,,,,,,,,,,,,,,,,
,,,,,,,,,,,,,,,,,,,,,,,,,,,,,,,,,
,,,,,,,,,,,,,,,,,,,,,,,,,,,,,,,,,
,,,,,,,,,,,,,,,,,,,,,,,,,,,,,,,,,
,,,,,,,,,,,,,,,,,,,,,,,,,,,,,,,,,
,,,,,,,,,,,,,,,,,,,,,,,,,,,,,,,,,
,,,,,,,,,,,,,,,,,,,,,,,,,,,,,,,,,
,,,,,,,,,,,,,,,,,,,,,,,,,,,,,,,,,
,,,,,,,,,,,,,,,,,,,,,,,,,,,,,,,,,
,,,,,,,,,,,,,,,,,,,,,,,,,,,,,,,,,
,,,,,,,,,,,,,,,,,,,,,,,,,,,,,,,,,
,,,,,,,,,,,,,,,,,,,,,,,,,,,,,,,,,
,,,,,,,,,,,,,,,,,,,,,,,,,,,,,,,,,
,,,,,,,,,,,,,,,,,,,,,,,,,,,,,,,,,
,,,,,,,,,,,,,,,,,,,,,,,,,,,,,,,,,
,,,,,,,,,,,,,,,,,,,,,,,,,,,,,,,,,
,,,,,,,,,,,,,,,,,,,,,,,,,,,,,,,,,
,,,,,,,,,,,,,,,,,,,,,,,,,,,,,,,,,
,,,,,,,,,,,,,,,,,,,,,,,,,,,,,,,,,
,,,,,,,,,,,,,,,,,,,,,,,,,,,,,,,,,
,,,,,,,,,,,,,,,,,,,,,,,,,,,,,,,,,
,,,,,,,,,,,,,,,,,,,,,,,,,,,,,,,,,
,,,,,,,,,,,,,,,,,,,,,,,,,,,,,,,,,
,,,,,,,,,,,,,,,,,,,,,,,,,,,,,,,,,
,,,,,,,,,,,,,,,,,,,,,,,,,,,,,,,,,
,,,,,,,,,,,,,,,,,,,,,,,,,,,,,,,,,
,,,,,,,,,,,,,,,,,,,,,,,,,,,,,,,,,
,,,,,,,,,,,,,,,,,,,,,,,,,,,,,,,,,
,,,,,,,,,,,,,,,,,,,,,,,,,,,,,,,,,
,,,,,,,,,,,,,,,,,,,,,,,,,,,,,,,,,
,,,,,,,,,,,,,,,,,,,,,,,,,,,,,,,,,
,,,,,,,,,,,,,,,,,,,,,,,,,,,,,,,,,
,,,,,,,,,,,,,,,,,,,,,,,,,,,,,,,,,
,,,,,,,,,,,,,,,,,,,,,,,,,,,,,,,,,
,,,,,,,,,,,,,,,,,,,,,,,,,,,,,,,,,
,,,,,,,,,,,,,,,,,,,,,,,,,,,,,,,,,
,,,,,,,,,,,,,,,,,,,,,,,,,,,,,,,,,
,,,,,,,,,,,,,,,,,,,,,,,,,,,,,,,,,
,,,,,,,,,,,,,,,,,,,,,,,,,,,,,,,,,
,,,,,,,,,,,,,,,,,,,,,,,,,,,,,,,,,
,,,,,,,,,,,,,,,,,,,,,,,,,,,,,,,,,
,,,,,,,,,,,,,,,,,,,,,,,,,,,,,,,,,
,,,,,,,,,,,,,,,,,,,,,,,,,,,,,,,,,
,,,,,,,,,,,,,,,,,,,,,,,,,,,,,,,,,
,,,,,,,,,,,,,,,,,,,,,,,,,,,,,,,,,
,,,,,,,,,,,,,,,,,,,,,,,,,,,,,,,,,
,,,,,,,,,,,,,,,,,,,,,,,,,,,,,,,,,
,,,,,,,,,,,,,,,,,,,,,,,,,,,,,,,,,
,,,,,,,,,,,,,,,,,,,,,,,,,,,,,,,,,
,,,,,,,,,,,,,,,,,,,,,,,,,,,,,,,,,
,,,,,,,,,,,,,,,,,,,,,,,,,,,,,,,,,
,,,,,,,,,,,,,,,,,,,,,,,,,,,,,,,,,
,,,,,,,,,,,,,,,,,,,,,,,,,,,,,,,,,
,,,,,,,,,,,,,,,,,,,,,,,,,,,,,,,,,
,,,,,,,,,,,,,,,,,,,,,,,,,,,,,,,,,
,,,,,,,,,,,,,,,,,,,,,,,,,,,,,,,,,
,,,,,,,,,,,,,,,,,,,,,,,,,,,,,,,,,
,,,,,,,,,,,,,,,,,,,,,,,,,,,,,,,,,
,,,,,,,,,,,,,,,,,,,,,,,,,,,,,,,,,
,,,,,,,,,,,,,,,,,,,,,,,,,,,,,,,,,
,,,,,,,,,,,,,,,,,,,,,,,,,,,,,,,,,
,,,,,,,,,,,,,,,,,,,,,,,,,,,,,,,,,
,,,,,,,,,,,,,,,,,,,,,,,,,,,,,,,,,
,,,,,,,,,,,,,,,,,,,,,,,,,,,,,,,,,
,,,,,,,,,,,,,,,,,,,,,,,,,,,,,,,,,
,,,,,,,,,,,,,,,,,,,,,,,,,,,,,,,,,
,,,,,,,,,,,,,,,,,,,,,,,,,,,,,,,,,
,,,,,,,,,,,,,,,,,,,,,,,,,,,,,,,,,
,,,,,,,,,,,,,,,,,,,,,,,,,,,,,,,,,
,,,,,,,,,,,,,,,,,,,,,,,,,,,,,,,,,
,,,,,,,,,,,,,,,,,,,,,,,,,,,,,,,,,
,,,,,,,,,,,,,,,,,,,,,,,,,,,,,,,,,
,,,,,,,,,,,,,,,,,,,,,,,,,,,,,,,,,
,,,,,,,,,,,,,,,,,,,,,,,,,,,,,,,,,
,,,,,,,,,,,,,,,,,,,,,,,,,,,,,,,,,
,,,,,,,,,,,,,,,,,,,,,,,,,,,,,,,,,
,,,,,,,,,,,,,,,,,,,,,,,,,,,,,,,,,
,,,,,,,,,,,,,,,,,,,,,,,,,,,,,,,,,
,,,,,,,,,,,,,,,,,,,,,,,,,,,,,,,,,
,,,,,,,,,,,,,,,,,,,,,,,,,,,,,,,,,
,,,,,,,,,,,,,,,,,,,,,,,,,,,,,,,,,
,,,,,,,,,,,,,,,,,,,,,,,,,,,,,,,,,
,,,,,,,,,,,,,,,,,,,,,,,,,,,,,,,,,
,,,,,,,,,,,,,,,,,,,,,,,,,,,,,,,,,
,,,,,,,,,,,,,,,,,,,,,,,,,,,,,,,,,
,,,,,,,,,,,,,,,,,,,,,,,,,,,,,,,,,
,,,,,,,,,,,,,,,,,,,,,,,,,,,,,,,,,
,,,,,,,,,,,,,,,,,,,,,,,,,,,,,,,,,
,,,,,,,,,,,,,,,,,,,,,,,,,,,,,,,,,
,,,,,,,,,,,,,,,,,,,,,,,,,,,,,,,,,
,,,,,,,,,,,,,,,,,,,,,,,,,,,,,,,,,
,,,,,,,,,,,,,,,,,,,,,,,,,,,,,,,,,
,,,,,,,,,,,,,,,,,,,,,,,,,,,,,,,,,
,,,,,,,,,,,,,,,,,,,,,,,,,,,,,,,,,
,,,,,,,,,,,,,,,,,,,,,,,,,,,,,,,,,
,,,,,,,,,,,,,,,,,,,,,,,,,,,,,,,,,
,,,,,,,,,,,,,,,,,,,,,,,,,,,,,,,,,
,,,,,,,,,,,,,,,,,,,,,,,,,,,,,,,,,
,,,,,,,,,,,,,,,,,,,,,,,,,,,,,,,,,
,,,,,,,,,,,,,,,,,,,,,,,,,,,,,,,,,
,,,,,,,,,,,,,,,,,,,,,,,,,,,,,,,,,
,,,,,,,,,,,,,,,,,,,,,,,,,,,,,,,,,
,,,,,,,,,,,,,,,,,,,,,,,,,,,,,,,,,
,,,,,,,,,,,,,,,,,,,,,,,,,,,,,,,,,
,,,,,,,,,,,,,,,,,,,,,,,,,,,,,,,,,
,,,,,,,,,,,,,,,,,,,,,,,,,,,,,,,,,
,,,,,,,,,,,,,,,,,,,,,,,,,,,,,,,,,
,,,,,,,,,,,,,,,,,,,,,,,,,,,,,,,,,
,,,,,,,,,,,,,,,,,,,,,,,,,,,,,,,,,
,,,,,,,,,,,,,,,,,,,,,,,,,,,,,,,,,
,,,,,,,,,,,,,,,,,,,,,,,,,,,,,,,,,
,,,,,,,,,,,,,,,,,,,,,,,,,,,,,,,,,
,,,,,,,,,,,,,,,,,,,,,,,,,,,,,,,,,
,,,,,,,,,,,,,,,,,,,,,,,,,,,,,,,,,
,,,,,,,,,,,,,,,,,,,,,,,,,,,,,,,,,
,,,,,,,,,,,,,,,,,,,,,,,,,,,,,,,,,
,,,,,,,,,,,,,,,,,,,,,,,,,,,,,,,,,
,,,,,,,,,,,,,,,,,,,,,,,,,,,,,,,,,
,,,,,,,,,,,,,,,,,,,,,,,,,,,,,,,,,
,,,,,,,,,,,,,,,,,,,,,,,,,,,,,,,,,
,,,,,,,,,,,,,,,,,,,,,,,,,,,,,,,,,
,,,,,,,,,,,,,,,,,,,,,,,,,,,,,,,,,
,,,,,,,,,,,,,,,,,,,,,,,,,,,,,,,,,
,,,,,,,,,,,,,,,,,,,,,,,,,,,,,,,,,
,,,,,,,,,,,,,,,,,,,,,,,,,,,,,,,,,
,,,,,,,,,,,,,,,,,,,,,,,,,,,,,,,,,
,,,,,,,,,,,,,,,,,,,,,,,,,,,,,,,,,
,,,,,,,,,,,,,,,,,,,,,,,,,,,,,,,,,
,,,,,,,,,,,,,,,,,,,,,,,,,,,,,,,,,
,,,,,,,,,,,,,,,,,,,,,,,,,,,,,,,,,
,,,,,,,,,,,,,,,,,,,,,,,,,,,,,,,,,
,,,,,,,,,,,,,,,,,,,,,,,,,,,,,,,,,
,,,,,,,,,,,,,,,,,,,,,,,,,,,,,,,,,
,,,,,,,,,,,,,,,,,,,,,,,,,,,,,,,,,
,,,,,,,,,,,,,,,,,,,,,,,,,,,,,,,,,
,,,,,,,,,,,,,,,,,,,,,,,,,,,,,,,,,
,,,,,,,,,,,,,,,,,,,,,,,,,,,,,,,,,
,,,,,,,,,,,,,,,,,,,,,,,,,,,,,,,,,
,,,,,,,,,,,,,,,,,,,,,,,,,,,,,,,,,
,,,,,,,,,,,,,,,,,,,,,,,,,,,,,,,,,
,,,,,,,,,,,,,,,,,,,,,,,,,,,,,,,,,
,,,,,,,,,,,,,,,,,,,,,,,,,,,,,,,,,
,,,,,,,,,,,,,,,,,,,,,,,,,,,,,,,,,
,,,,,,,,,,,,,,,,,,,,,,,,,,,,,,,,,
,,,,,,,,,,,,,,,,,,,,,,,,,,,,,,,,,
,,,,,,,,,,,,,,,,,,,,,,,,,,,,,,,,,
,,,,,,,,,,,,,,,,,,,,,,,,,,,,,,,,,
,,,,,,,,,,,,,,,,,,,,,,,,,,,,,,,,,
,,,,,,,,,,,,,,,,,,,,,,,,,,,,,,,,,
,,,,,,,,,,,,,,,,,,,,,,,,,,,,,,,,,
,,,,,,,,,,,,,,,,,,,,,,,,,,,,,,,,,
,,,,,,,,,,,,,,,,,,,,,,,,,,,,,,,,,
,,,,,,,,,,,,,,,,,,,,,,,,,,,,,,,,,
,,,,,,,,,,,,,,,,,,,,,,,,,,,,,,,,,
,,,,,,,,,,,,,,,,,,,,,,,,,,,,,,,,,
,,,,,,,,,,,,,,,,,,,,,,,,,,,,,,,,,
,,,,,,,,,,,,,,,,,,,,,,,,,,,,,,,,,
,,,,,,,,,,,,,,,,,,,,,,,,,,,,,,,,,
,,,,,,,,,,,,,,,,,,,,,,,,,,,,,,,,,
,,,,,,,,,,,,,,,,,,,,,,,,,,,,,,,,,
,,,,,,,,,,,,,,,,,,,,,,,,,,,,,,,,,
,,,,,,,,,,,,,,,,,,,,,,,,,,,,,,,,,
,,,,,,,,,,,,,,,,,,,,,,,,,,,,,,,,,
,,,,,,,,,,,,,,,,,,,,,,,,,,,,,,,,,
,,,,,,,,,,,,,,,,,,,,,,,,,,,,,,,,,
,,,,,,,,,,,,,,,,,,,,,,,,,,,,,,,,,
,,,,,,,,,,,,,,,,,,,,,,,,,,,,,,,,,
,,,,,,,,,,,,,,,,,,,,,,,,,,,,,,,,,
,,,,,,,,,,,,,,,,,,,,,,,,,,,,,,,,,
,,,,,,,,,,,,,,,,,,,,,,,,,,,,,,,,,
,,,,,,,,,,,,,,,,,,,,,,,,,,,,,,,,,
,,,,,,,,,,,,,,,,,,,,,,,,,,,,,,,,,
,,,,,,,,,,,,,,,,,,,,,,,,,,,,,,,,,
,,,,,,,,,,,,,,,,,,,,,,,,,,,,,,,,,
,,,,,,,,,,,,,,,,,,,,,,,,,,,,,,,,,
,,,,,,,,,,,,,,,,,,,,,,,,,,,,,,,,,
,,,,,,,,,,,,,,,,,,,,,,,,,,,,,,,,,
,,,,,,,,,,,,,,,,,,,,,,,,,,,,,,,,,
,,,,,,,,,,,,,,,,,,,,,,,,,,,,,,,,,
,,,,,,,,,,,,,,,,,,,,,,,,,,,,,,,,,
,,,,,,,,,,,,,,,,,,,,,,,,,,,,,,,,,
,,,,,,,,,,,,,,,,,,,,,,,,,,,,,,,,,
,,,,,,,,,,,,,,,,,,,,,,,,,,,,,,,,,
,,,,,,,,,,,,,,,,,,,,,,,,,,,,,,,,,
,,,,,,,,,,,,,,,,,,,,,,,,,,,,,,,,,
,,,,,,,,,,,,,,,,,,,,,,,,,,,,,,,,,
,,,,,,,,,,,,,,,,,,,,,,,,,,,,,,,,,
,,,,,,,,,,,,,,,,,,,,,,,,,,,,,,,,,
,,,,,,,,,,,,,,,,,,,,,,,,,,,,,,,,,
,,,,,,,,,,,,,,,,,,,,,,,,,,,,,,,,,
,,,,,,,,,,,,,,,,,,,,,,,,,,,,,,,,,
,,,,,,,,,,,,,,,,,,,,,,,,,,,,,,,,,
,,,,,,,,,,,,,,,,,,,,,,,,,,,,,,,,,
,,,,,,,,,,,,,,,,,,,,,,,,,,,,,,,,,
,,,,,,,,,,,,,,,,,,,,,,,,,,,,,,,,,
,,,,,,,,,,,,,,,,,,,,,,,,,,,,,,,,,
,,,,,,,,,,,,,,,,,,,,,,,,,,,,,,,,,
,,,,,,,,,,,,,,,,,,,,,,,,,,,,,,,,,
,,,,,,,,,,,,,,,,,,,,,,,,,,,,,,,,,
,,,,,,,,,,,,,,,,,,,,,,,,,,,,,,,,,
,,,,,,,,,,,,,,,,,,,,,,,,,,,,,,,,,
,,,,,,,,,,,,,,,,,,,,,,,,,,,,,,,,,
,,,,,,,,,,,,,,,,,,,,,,,,,,,,,,,,,
,,,,,,,,,,,,,,,,,,,,,,,,,,,,,,,,,
,,,,,,,,,,,,,,,,,,,,,,,,,,,,,,,,,
,,,,,,,,,,,,,,,,,,,,,,,,,,,,,,,,,
,,,,,,,,,,,,,,,,,,,,,,,,,,,,,,,,,
,,,,,,,,,,,,,,,,,,,,,,,,,,,,,,,,,
,,,,,,,,,,,,,,,,,,,,,,,,,,,,,,,,,
,,,,,,,,,,,,,,,,,,,,,,,,,,,,,,,,,
,,,,,,,,,,,,,,,,,,,,,,,,,,,,,,,,,
,,,,,,,,,,,,,,,,,,,,,,,,,,,,,,,,,
,,,,,,,,,,,,,,,,,,,,,,,,,,,,,,,,,
,,,,,,,,,,,,,,,,,,,,,,,,,,,,,,,,,
,,,,,,,,,,,,,,,,,,,,,,,,,,,,,,,,,
,,,,,,,,,,,,,,,,,,,,,,,,,,,,,,,,,
,,,,,,,,,,,,,,,,,,,,,,,,,,,,,,,,,
,,,,,,,,,,,,,,,,,,,,,,,,,,,,,,,,,
,,,,,,,,,,,,,,,,,,,,,,,,,,,,,,,,,
,,,,,,,,,,,,,,,,,,,,,,,,,,,,,,,,,
,,,,,,,,,,,,,,,,,,,,,,,,,,,,,,,,,
,,,,,,,,,,,,,,,,,,,,,,,,,,,,,,,,,
,,,,,,,,,,,,,,,,,,,,,,,,,,,,,,,,,
,,,,,,,,,,,,,,,,,,,,,,,,,,,,,,,,,
,,,,,,,,,,,,,,,,,,,,,,,,,,,,,,,,,
,,,,,,,,,,,,,,,,,,,,,,,,,,,,,,,,,
,,,,,,,,,,,,,,,,,,,,,,,,,,,,,,,,,
,,,,,,,,,,,,,,,,,,,,,,,,,,,,,,,,,
,,,,,,,,,,,,,,,,,,,,,,,,,,,,,,,,,
,,,,,,,,,,,,,,,,,,,,,,,,,,,,,,,,,
,,,,,,,,,,,,,,,,,,,,,,,,,,,,,,,,,
,,,,,,,,,,,,,,,,,,,,,,,,,,,,,,,,,
,,,,,,,,,,,,,,,,,,,,,,,,,,,,,,,,,
,,,,,,,,,,,,,,,,,,,,,,,,,,,,,,,,,
,,,,,,,,,,,,,,,,,,,,,,,,,,,,,,,,,
,,,,,,,,,,,,,,,,,,,,,,,,,,,,,,,,,
,,,,,,,,,,,,,,,,,,,,,,,,,,,,,,,,,
,,,,,,,,,,,,,,,,,,,,,,,,,,,,,,,,,
,,,,,,,,,,,,,,,,,,,,,,,,,,,,,,,,,
,,,,,,,,,,,,,,,,,,,,,,,,,,,,,,,,,
,,,,,,,,,,,,,,,,,,,,,,,,,,,,,,,,,
,,,,,,,,,,,,,,,,,,,,,,,,,,,,,,,,,
,,,,,,,,,,,,,,,,,,,,,,,,,,,,,,,,,
,,,,,,,,,,,,,,,,,,,,,,,,,,,,,,,,,
,,,,,,,,,,,,,,,,,,,,,,,,,,,,,,,,,
,,,,,,,,,,,,,,,,,,,,,,,,,,,,,,,,,
,,,,,,,,,,,,,,,,,,,,,,,,,,,,,,,,,
,,,,,,,,,,,,,,,,,,,,,,,,,,,,,,,,,
,,,,,,,,,,,,,,,,,,,,,,,,,,,,,,,,,
,,,,,,,,,,,,,,,,,,,,,,,,,,,,,,,,,
,,,,,,,,,,,,,,,,,,,,,,,,,,,,,,,,,
,,,,,,,,,,,,,,,,,,,,,,,,,,,,,,,,,
,,,,,,,,,,,,,,,,,,,,,,,,,,,,,,,,,
,,,,,,,,,,,,,,,,,,,,,,,,,,,,,,,,,
,,,,,,,,,,,,,,,,,,,,,,,,,,,,,,,,,
,,,,,,,,,,,,,,,,,,,,,,,,,,,,,,,,,
,,,,,,,,,,,,,,,,,,,,,,,,,,,,,,,,,
,,,,,,,,,,,,,,,,,,,,,,,,,,,,,,,,,
,,,,,,,,,,,,,,,,,,,,,,,,,,,,,,,,,
,,,,,,,,,,,,,,,,,,,,,,,,,,,,,,,,,
,,,,,,,,,,,,,,,,,,,,,,,,,,,,,,,,,
,,,,,,,,,,,,,,,,,,,,,,,,,,,,,,,,,
,,,,,,,,,,,,,,,,,,,,,,,,,,,,,,,,,
,,,,,,,,,,,,,,,,,,,,,,,,,,,,,,,,,
,,,,,,,,,,,,,,,,,,,,,,,,,,,,,,,,,
,,,,,,,,,,,,,,,,,,,,,,,,,,,,,,,,,
,,,,,,,,,,,,,,,,,,,,,,,,,,,,,,,,,
,,,,,,,,,,,,,,,,,,,,,,,,,,,,,,,,,
,,,,,,,,,,,,,,,,,,,,,,,,,,,,,,,,,
,,,,,,,,,,,,,,,,,,,,,,,,,,,,,,,,,
,,,,,,,,,,,,,,,,,,,,,,,,,,,,,,,,,
,,,,,,,,,,,,,,,,,,,,,,,,,,,,,,,,,
,,,,,,,,,,,,,,,,,,,,,,,,,,,,,,,,,
,,,,,,,,,,,,,,,,,,,,,,,,,,,,,,,,,
,,,,,,,,,,,,,,,,,,,,,,,,,,,,,,,,,
,,,,,,,,,,,,,,,,,,,,,,,,,,,,,,,,,
,,,,,,,,,,,,,,,,,,,,,,,,,,,,,,,,,
,,,,,,,,,,,,,,,,,,,,,,,,,,,,,,,,,
,,,,,,,,,,,,,,,,,,,,,,,,,,,,,,,,,
,,,,,,,,,,,,,,,,,,,,,,,,,,,,,,,,,
,,,,,,,,,,,,,,,,,,,,,,,,,,,,,,,,,
,,,,,,,,,,,,,,,,,,,,,,,,,,,,,,,,,
,,,,,,,,,,,,,,,,,,,,,,,,,,,,,,,,,
,,,,,,,,,,,,,,,,,,,,,,,,,,,,,,,,,
,,,,,,,,,,,,,,,,,,,,,,,,,,,,,,,,,
,,,,,,,,,,,,,,,,,,,,,,,,,,,,,,,,,
,,,,,,,,,,,,,,,,,,,,,,,,,,,,,,,,,
,,,,,,,,,,,,,,,,,,,,,,,,,,,,,,,,,
,,,,,,,,,,,,,,,,,,,,,,,,,,,,,,,,,
,,,,,,,,,,,,,,,,,,,,,,,,,,,,,,,,,
,,,,,,,,,,,,,,,,,,,,,,,,,,,,,,,,,
,,,,,,,,,,,,,,,,,,,,,,,,,,,,,,,,,
,,,,,,,,,,,,,,,,,,,,,,,,,,,,,,,,,
,,,,,,,,,,,,,,,,,,,,,,,,,,,,,,,,,
,,,,,,,,,,,,,,,,,,,,,,,,,,,,,,,,,
,,,,,,,,,,,,,,,,,,,,,,,,,,,,,,,,,
,,,,,,,,,,,,,,,,,,,,,,,,,,,,,,,,,
,,,,,,,,,,,,,,,,,,,,,,,,,,,,,,,,,
,,,,,,,,,,,,,,,,,,,,,,,,,,,,,,,,,
,,,,,,,,,,,,,,,,,,,,,,,,,,,,,,,,,
,,,,,,,,,,,,,,,,,,,,,,,,,,,,,,,,,
,,,,,,,,,,,,,,,,,,,,,,,,,,,,,,,,,
,,,,,,,,,,,,,,,,,,,,,,,,,,,,,,,,,
,,,,,,,,,,,,,,,,,,,,,,,,,,,,,,,,,
,,,,,,,,,,,,,,,,,,,,,,,,,,,,,,,,,
,,,,,,,,,,,,,,,,,,,,,,,,,,,,,,,,,
,,,,,,,,,,,,,,,,,,,,,,,,,,,,,,,,,
,,,,,,,,,,,,,,,,,,,,,,,,,,,,,,,,,
,,,,,,,,,,,,,,,,,,,,,,,,,,,,,,,,,
,,,,,,,,,,,,,,,,,,,,,,,,,,,,,,,,,
,,,,,,,,,,,,,,,,,,,,,,,,,,,,,,,,,
,,,,,,,,,,,,,,,,,,,,,,,,,,,,,,,,,
,,,,,,,,,,,,,,,,,,,,,,,,,,,,,,,,,
,,,,,,,,,,,,,,,,,,,,,,,,,,,,,,,,,
,,,,,,,,,,,,,,,,,,,,,,,,,,,,,,,,,
,,,,,,,,,,,,,,,,,,,,,,,,,,,,,,,,,
,,,,,,,,,,,,,,,,,,,,,,,,,,,,,,,,,
,,,,,,,,,,,,,,,,,,,,,,,,,,,,,,,,,
,,,,,,,,,,,,,,,,,,,,,,,,,,,,,,,,,
,,,,,,,,,,,,,,,,,,,,,,,,,,,,,,,,,
,,,,,,,,,,,,,,,,,,,,,,,,,,,,,,,,,
,,,,,,,,,,,,,,,,,,,,,,,,,,,,,,,,,
,,,,,,,,,,,,,,,,,,,,,,,,,,,,,,,,,
,,,,,,,,,,,,,,,,,,,,,,,,,,,,,,,,,
,,,,,,,,,,,,,,,,,,,,,,,,,,,,,,,,,
,,,,,,,,,,,,,,,,,,,,,,,,,,,,,,,,,
,,,,,,,,,,,,,,,,,,,,,,,,,,,,,,,,,
,,,,,,,,,,,,,,,,,,,,,,,,,,,,,,,,,
,,,,,,,,,,,,,,,,,,,,,,,,,,,,,,,,,
,,,,,,,,,,,,,,,,,,,,,,,,,,,,,,,,,
,,,,,,,,,,,,,,,,,,,,,,,,,,,,,,,,,
,,,,,,,,,,,,,,,,,,,,,,,,,,,,,,,,,
,,,,,,,,,,,,,,,,,,,,,,,,,,,,,,,,,
,,,,,,,,,,,,,,,,,,,,,,,,,,,,,,,,,
,,,,,,,,,,,,,,,,,,,,,,,,,,,,,,,,,
,,,,,,,,,,,,,,,,,,,,,,,,,,,,,,,,,
,,,,,,,,,,,,,,,,,,,,,,,,,,,,,,,,,
,,,,,,,,,,,,,,,,,,,,,,,,,,,,,,,,,
,,,,,,,,,,,,,,,,,,,,,,,,,,,,,,,,,
,,,,,,,,,,,,,,,,,,,,,,,,,,,,,,,,,
,,,,,,,,,,,,,,,,,,,,,,,,,,,,,,,,,
,,,,,,,,,,,,,,,,,,,,,,,,,,,,,,,,,
,,,,,,,,,,,,,,,,,,,,,,,,,,,,,,,,,
,,,,,,,,,,,,,,,,,,,,,,,,,,,,,,,,,
,,,,,,,,,,,,,,,,,,,,,,,,,,,,,,,,,
,,,,,,,,,,,,,,,,,,,,,,,,,,,,,,,,,
,,,,,,,,,,,,,,,,,,,,,,,,,,,,,,,,,
,,,,,,,,,,,,,,,,,,,,,,,,,,,,,,,,,
,,,,,,,,,,,,,,,,,,,,,,,,,,,,,,,,,
,,,,,,,,,,,,,,,,,,,,,,,,,,,,,,,,,
,,,,,,,,,,,,,,,,,,,,,,,,,,,,,,,,,
,,,,,,,,,,,,,,,,,,,,,,,,,,,,,,,,,
,,,,,,,,,,,,,,,,,,,,,,,,,,,,,,,,,
,,,,,,,,,,,,,,,,,,,,,,,,,,,,,,,,,
,,,,,,,,,,,,,,,,,,,,,,,,,,,,,,,,,
,,,,,,,,,,,,,,,,,,,,,,,,,,,,,,,,,
,,,,,,,,,,,,,,,,,,,,,,,,,,,,,,,,,
,,,,,,,,,,,,,,,,,,,,,,,,,,,,,,,,,
,,,,,,,,,,,,,,,,,,,,,,,,,,,,,,,,,
,,,,,,,,,,,,,,,,,,,,,,,,,,,,,,,,,
,,,,,,,,,,,,,,,,,,,,,,,,,,,,,,,,,
,,,,,,,,,,,,,,,,,,,,,,,,,,,,,,,,,
,,,,,,,,,,,,,,,,,,,,,,,,,,,,,,,,,
,,,,,,,,,,,,,,,,,,,,,,,,,,,,,,,,,
,,,,,,,,,,,,,,,,,,,,,,,,,,,,,,,,,
,,,,,,,,,,,,,,,,,,,,,,,,,,,,,,,,,
,,,,,,,,,,,,,,,,,,,,,,,,,,,,,,,,,
,,,,,,,,,,,,,,,,,,,,,,,,,,,,,,,,,
,,,,,,,,,,,,,,,,,,,,,,,,,,,,,,,,,
,,,,,,,,,,,,,,,,,,,,,,,,,,,,,,,,,
,,,,,,,,,,,,,,,,,,,,,,,,,,,,,,,,,
,,,,,,,,,,,,,,,,,,,,,,,,,,,,,,,,,
,,,,,,,,,,,,,,,,,,,,,,,,,,,,,,,,,
,,,,,,,,,,,,,,,,,,,,,,,,,,,,,,,,,
,,,,,,,,,,,,,,,,,,,,,,,,,,,,,,,,,
,,,,,,,,,,,,,,,,,,,,,,,,,,,,,,,,,
,,,,,,,,,,,,,,,,,,,,,,,,,,,,,,,,,
,,,,,,,,,,,,,,,,,,,,,,,,,,,,,,,,,
,,,,,,,,,,,,,,,,,,,,,,,,,,,,,,,,,
,,,,,,,,,,,,,,,,,,,,,,,,,,,,,,,,,
,,,,,,,,,,,,,,,,,,,,,,,,,,,,,,,,,
,,,,,,,,,,,,,,,,,,,,,,,,,,,,,,,,,
,,,,,,,,,,,,,,,,,,,,,,,,,,,,,,,,,
,,,,,,,,,,,,,,,,,,,,,,,,,,,,,,,,,
,,,,,,,,,,,,,,,,,,,,,,,,,,,,,,,,,
,,,,,,,,,,,,,,,,,,,,,,,,,,,,,,,,,
,,,,,,,,,,,,,,,,,,,,,,,,,,,,,,,,,
,,,,,,,,,,,,,,,,,,,,,,,,,,,,,,,,,
,,,,,,,,,,,,,,,,,,,,,,,,,,,,,,,,,
,,,,,,,,,,,,,,,,,,,,,,,,,,,,,,,,,
,,,,,,,,,,,,,,,,,,,,,,,,,,,,,,,,,
,,,,,,,,,,,,,,,,,,,,,,,,,,,,,,,,,
,,,,,,,,,,,,,,,,,,,,,,,,,,,,,,,,,
,,,,,,,,,,,,,,,,,,,,,,,,,,,,,,,,,
,,,,,,,,,,,,,,,,,,,,,,,,,,,,,,,,,
,,,,,,,,,,,,,,,,,,,,,,,,,,,,,,,,,
,,,,,,,,,,,,,,,,,,,,,,,,,,,,,,,,,
,,,,,,,,,,,,,,,,,,,,,,,,,,,,,,,,,
,,,,,,,,,,,,,,,,,,,,,,,,,,,,,,,,,
,,,,,,,,,,,,,,,,,,,,,,,,,,,,,,,,,
,,,,,,,,,,,,,,,,,,,,,,,,,,,,,,,,,
,,,,,,,,,,,,,,,,,,,,,,,,,,,,,,,,,
